Year,Month,Median,2.5 Percentile,97.5 Percentile
1950.0,1.0,238.3,230.6,246.9
1950.0,2.0,136.2,128.5,144.4
1950.0,3.0,162.6,155.1,170.5
1950.0,4.0,161.4,154.3,168.4
1950.0,5.0,68.1,60.8,75.4
1950.0,6.0,50.4,45.4,55.3
1950.0,7.0,35.7,31.9,39.7
1950.0,8.0,23.3,19.6,26.8
1950.0,9.0,57.3,52.5,61.6
1950.0,10.0,72.2,67.3,78.0
1950.0,11.0,90.9,85.0,96.9
1950.0,12.0,90.4,84.0,98.2
1951.0,1.0,134.2,126.5,142.2
1951.0,2.0,115.8,108.4,124.0
1951.0,3.0,139.7,132.0,147.8
1951.0,4.0,122.1,115.1,128.9
1951.0,5.0,81.8,74.7,89.3
1951.0,6.0,47.0,42.0,51.5
1951.0,7.0,34.0,30.3,38.4
1951.0,8.0,18.7,15.2,22.2
1951.0,9.0,25.1,21.1,29.8
1951.0,10.0,68.0,63.0,73.5
1951.0,11.0,104.2,98.1,110.9
1951.0,12.0,82.1,75.6,90.2
1952.0,1.0,198.1,190.6,206.5
1952.0,2.0,100.5,92.8,108.3
1952.0,3.0,134.5,126.8,142.5
1952.0,4.0,116.0,108.7,123.0
1952.0,5.0,78.9,71.4,86.1
1952.0,6.0,27.6,22.5,32.3
1952.0,7.0,21.4,17.8,25.5
1952.0,8.0,20.8,17.3,24.2
1952.0,9.0,34.5,30.3,38.7
1952.0,10.0,32.2,27.2,37.6
1952.0,11.0,56.7,50.5,63.0
1952.0,12.0,80.7,74.0,88.1
1953.0,1.0,94.3,86.3,102.4
1953.0,2.0,54.8,47.2,62.8
1953.0,3.0,97.0,89.3,105.3
1953.0,4.0,80.1,72.6,87.0
1953.0,5.0,74.0,66.3,80.9
1953.0,6.0,28.0,23.3,32.7
1953.0,7.0,21.3,18.1,25.3
1953.0,8.0,23.8,20.1,27.7
1953.0,9.0,21.1,16.9,25.8
1953.0,10.0,24.5,19.8,30.3
1953.0,11.0,34.9,29.0,41.3
1953.0,12.0,70.1,63.7,77.9
1954.0,1.0,86.6,78.8,94.9
1954.0,2.0,90.8,83.2,98.7
1954.0,3.0,139.8,132.0,147.6
1954.0,4.0,159.3,152.0,166.2
1954.0,5.0,53.0,45.6,59.9
1954.0,6.0,42.8,37.9,48.0
1954.0,7.0,27.5,23.6,31.3
1954.0,8.0,30.2,26.3,33.6
1954.0,9.0,19.9,16.1,24.5
1954.0,10.0,172.3,167.0,178.0
1954.0,11.0,64.0,58.0,70.5
1954.0,12.0,67.4,60.8,75.4
1955.0,1.0,89.1,81.2,97.1
1955.0,2.0,72.7,64.9,81.0
1955.0,3.0,141.4,134.1,149.3
1955.0,4.0,94.2,86.5,101.2
1955.0,5.0,42.1,34.9,49.1
1955.0,6.0,29.5,24.6,34.3
1955.0,7.0,25.0,21.3,28.9
1955.0,8.0,28.0,24.6,31.5
1955.0,9.0,20.5,16.6,25.5
1955.0,10.0,111.9,106.8,117.5
1955.0,11.0,104.7,98.6,110.9
1955.0,12.0,54.1,47.6,62.3
1956.0,1.0,41.6,33.9,50.0
1956.0,2.0,89.5,81.5,97.6
1956.0,3.0,146.9,139.1,155.1
1956.0,4.0,111.9,104.9,118.9
1956.0,5.0,136.5,129.2,143.8
1956.0,6.0,43.3,38.4,48.4
1956.0,7.0,28.6,25.3,32.6
1956.0,8.0,38.9,35.3,42.6
1956.0,9.0,21.9,18.0,26.5
1956.0,10.0,26.5,21.5,32.4
1956.0,11.0,41.7,36.0,47.5
1956.0,12.0,81.8,75.4,89.7
1957.0,1.0,75.6,67.7,83.8
1957.0,2.0,72.9,65.5,80.6
1957.0,3.0,74.3,66.7,82.5
1957.0,4.0,165.3,157.9,172.6
1957.0,5.0,67.9,60.6,75.0
1957.0,6.0,48.3,43.7,53.3
1957.0,7.0,42.5,38.8,46.9
1957.0,8.0,19.1,15.6,22.7
1957.0,9.0,41.9,37.7,46.6
1957.0,10.0,72.0,67.0,77.4
1957.0,11.0,73.3,67.6,79.6
1957.0,12.0,120.2,113.9,128.4
1958.0,1.0,69.8,62.2,78.0
1958.0,2.0,39.3,31.6,47.1
1958.0,3.0,61.4,53.6,69.3
1958.0,4.0,73.6,66.3,80.6
1958.0,5.0,46.5,39.3,53.9
1958.0,6.0,52.3,47.3,57.2
1958.0,7.0,41.1,37.1,44.8
1958.0,8.0,33.6,29.6,37.3
1958.0,9.0,36.6,32.3,41.3
1958.0,10.0,32.6,27.7,38.5
1958.0,11.0,79.1,72.9,85.2
1958.0,12.0,41.4,35.1,49.8
1959.0,1.0,104.0,96.1,112.5
1959.0,2.0,125.9,118.2,134.0
1959.0,3.0,118.0,110.5,126.0
1959.0,4.0,132.6,125.6,139.5
1959.0,5.0,88.7,81.6,95.8
1959.0,6.0,31.7,27.0,37.0
1959.0,7.0,24.0,20.3,28.1
1959.0,8.0,20.7,17.3,24.5
1959.0,9.0,26.1,22.1,30.9
1959.0,10.0,112.9,107.7,118.4
1959.0,11.0,92.8,86.7,98.9
1959.0,12.0,102.7,96.2,110.7
1960.0,1.0,111.5,103.7,119.8
1960.0,2.0,83.5,76.4,91.4
1960.0,3.0,57.0,49.6,65.1
1960.0,4.0,95.9,88.9,102.8
1960.0,5.0,69.2,61.7,76.2
1960.0,6.0,51.2,46.3,56.2
1960.0,7.0,26.1,22.5,30.1
1960.0,8.0,21.1,17.3,24.9
1960.0,9.0,16.7,12.8,21.1
1960.0,10.0,33.5,28.2,38.9
1960.0,11.0,49.5,43.6,56.1
1960.0,12.0,25.5,19.1,33.0
1961.0,1.0,37.8,29.9,45.7
1961.0,2.0,83.2,75.4,91.1
1961.0,3.0,135.8,128.3,144.3
1961.0,4.0,170.6,163.3,177.8
1961.0,5.0,72.7,65.5,80.0
1961.0,6.0,42.0,37.0,46.7
1961.0,7.0,24.7,21.1,29.1
1961.0,8.0,29.2,25.6,32.5
1961.0,9.0,31.8,27.5,36.5
1961.0,10.0,40.3,35.3,46.1
1961.0,11.0,68.5,62.2,74.9
1961.0,12.0,57.7,50.9,65.3
1962.0,1.0,93.3,85.7,101.3
1962.0,2.0,56.6,49.0,64.6
1962.0,3.0,92.8,85.3,100.7
1962.0,4.0,56.2,48.9,63.3
1962.0,5.0,39.1,32.2,46.1
1962.0,6.0,27.1,22.4,32.1
1962.0,7.0,23.4,19.6,27.5
1962.0,8.0,18.7,15.2,22.1
1962.0,9.0,33.0,28.9,37.5
1962.0,10.0,53.9,48.6,59.6
1962.0,11.0,64.8,58.5,70.9
1962.0,12.0,43.0,36.4,50.9
1963.0,1.0,38.9,30.8,47.2
1963.0,2.0,31.5,24.3,39.5
1963.0,3.0,135.7,128.2,143.7
1963.0,4.0,86.2,79.2,93.4
1963.0,5.0,47.7,40.0,54.4
1963.0,6.0,28.5,23.5,33.2
1963.0,7.0,23.3,19.7,27.3
1963.0,8.0,19.2,16.1,22.5
1963.0,9.0,13.9,10.3,18.7
1963.0,10.0,20.0,15.6,25.8
1963.0,11.0,63.3,57.2,69.6
1963.0,12.0,32.6,25.9,39.9
1964.0,1.0,85.9,78.1,94.0
1964.0,2.0,36.0,28.7,43.9
1964.0,3.0,154.1,146.5,162.1
1964.0,4.0,148.8,141.9,155.8
1964.0,5.0,60.9,53.9,68.0
1964.0,6.0,31.3,26.5,36.2
1964.0,7.0,22.9,19.4,27.1
1964.0,8.0,38.3,34.4,41.7
1964.0,9.0,24.8,20.5,29.1
1964.0,10.0,29.8,24.9,35.5
1964.0,11.0,31.9,26.1,38.1
1964.0,12.0,84.9,78.3,93.0
1965.0,1.0,128.8,120.9,137.3
1965.0,2.0,96.9,89.3,104.6
1965.0,3.0,121.4,113.5,129.6
1965.0,4.0,105.0,97.9,112.2
1965.0,5.0,47.2,39.9,54.2
1965.0,6.0,29.5,24.6,34.2
1965.0,7.0,21.4,17.9,25.8
1965.0,8.0,24.0,20.2,27.7
1965.0,9.0,30.9,26.6,35.5
1965.0,10.0,85.3,79.9,90.9
1965.0,11.0,70.3,64.0,76.8
1965.0,12.0,95.8,89.4,103.3
1966.0,1.0,66.3,58.6,74.6
1966.0,2.0,72.4,64.9,80.1
1966.0,3.0,92.2,84.8,100.1
1966.0,4.0,78.4,71.2,85.3
1966.0,5.0,80.2,72.8,87.1
1966.0,6.0,35.9,31.0,40.8
1966.0,7.0,37.7,33.9,41.8
1966.0,8.0,29.9,26.1,33.2
1966.0,9.0,28.4,24.1,32.9
1966.0,10.0,36.2,31.1,42.0
1966.0,11.0,121.7,115.5,128.0
1966.0,12.0,156.2,150.0,164.0
1967.0,1.0,69.8,61.7,78.0
1967.0,2.0,71.5,63.5,79.4
1967.0,3.0,96.3,88.9,104.4
1967.0,4.0,107.4,100.4,114.9
1967.0,5.0,89.2,81.9,96.7
1967.0,6.0,36.9,32.1,41.9
1967.0,7.0,24.6,21.0,28.8
1967.0,8.0,20.0,16.7,23.6
1967.0,9.0,36.9,32.7,41.4
1967.0,10.0,87.4,81.9,93.0
1967.0,11.0,90.6,84.5,97.1
1967.0,12.0,127.9,121.1,135.8
1968.0,1.0,85.1,77.2,93.6
1968.0,2.0,89.2,81.4,97.5
1968.0,3.0,87.0,79.9,95.4
1968.0,4.0,78.3,70.9,85.3
1968.0,5.0,86.4,79.3,93.7
1968.0,6.0,61.0,56.2,66.1
1968.0,7.0,34.3,30.7,38.4
1968.0,8.0,29.7,26.0,33.3
1968.0,9.0,26.6,22.4,31.2
1968.0,10.0,40.5,35.5,46.4
1968.0,11.0,92.4,86.4,99.1
1968.0,12.0,118.2,111.5,126.1
1969.0,1.0,128.5,120.7,136.2
1969.0,2.0,79.1,71.3,87.3
1969.0,3.0,59.0,51.3,67.3
1969.0,4.0,138.2,130.5,145.5
1969.0,5.0,114.2,106.8,121.4
1969.0,6.0,52.4,47.8,57.2
1969.0,7.0,58.9,55.0,63.3
1969.0,8.0,18.2,14.6,22.2
1969.0,9.0,41.0,36.9,45.9
1969.0,10.0,52.1,47.0,57.8
1969.0,11.0,90.8,84.7,97.3
1969.0,12.0,47.4,40.9,55.7
1970.0,1.0,48.7,41.0,56.8
1970.0,2.0,67.8,60.8,75.5
1970.0,3.0,93.4,85.6,101.4
1970.0,4.0,115.9,109.0,122.8
1970.0,5.0,68.2,60.6,75.6
1970.0,6.0,35.6,30.8,40.2
1970.0,7.0,30.4,26.7,34.8
1970.0,8.0,18.0,14.4,21.4
1970.0,9.0,35.1,30.9,39.8
1970.0,10.0,59.7,54.7,65.7
1970.0,11.0,76.2,69.9,82.4
1970.0,12.0,83.7,77.3,91.6
1971.0,1.0,54.2,46.3,62.6
1971.0,2.0,100.2,92.7,108.3
1971.0,3.0,83.5,75.7,91.4
1971.0,4.0,58.3,50.9,65.4
1971.0,5.0,60.7,53.6,68.1
1971.0,6.0,31.9,27.1,36.8
1971.0,7.0,23.5,19.8,27.4
1971.0,8.0,18.2,14.8,22.1
1971.0,9.0,32.2,27.9,36.8
1971.0,10.0,43.4,37.9,49.0
1971.0,11.0,39.2,33.4,45.7
1971.0,12.0,115.8,108.9,123.8
1972.0,1.0,90.3,82.3,98.9
1972.0,2.0,48.5,40.7,56.7
1972.0,3.0,125.8,118.2,133.8
1972.0,4.0,132.2,125.2,139.7
1972.0,5.0,72.5,65.7,79.7
1972.0,6.0,59.5,54.5,64.3
1972.0,7.0,30.0,26.0,34.2
1972.0,8.0,26.0,22.6,29.8
1972.0,9.0,67.0,62.9,71.4
1972.0,10.0,71.4,66.5,77.2
1972.0,11.0,118.3,112.3,124.8
1972.0,12.0,100.0,93.5,108.2
1973.0,1.0,89.4,81.3,97.7
1973.0,2.0,54.8,47.2,62.7
1973.0,3.0,152.1,144.4,160.0
1973.0,4.0,99.8,92.6,107.0
1973.0,5.0,75.3,68.4,82.2
1973.0,6.0,58.8,54.0,63.7
1973.0,7.0,30.7,27.2,35.1
1973.0,8.0,24.5,21.1,28.0
1973.0,9.0,17.6,13.8,22.2
1973.0,10.0,54.0,49.1,59.7
1973.0,11.0,101.8,95.6,108.2
1973.0,12.0,103.6,97.2,111.3
1974.0,1.0,139.9,132.3,147.9
1974.0,2.0,89.8,82.2,97.6
1974.0,3.0,147.6,140.2,155.8
1974.0,4.0,126.1,118.5,133.3
1974.0,5.0,101.2,94.0,108.6
1974.0,6.0,38.1,33.3,43.0
1974.0,7.0,21.4,18.1,25.6
1974.0,8.0,26.2,22.5,29.5
1974.0,9.0,28.7,24.4,33.5
1974.0,10.0,35.8,30.7,41.8
1974.0,11.0,103.5,97.3,109.8
1974.0,12.0,95.9,89.3,103.7
1975.0,1.0,132.1,124.5,140.5
1975.0,2.0,114.2,106.4,122.3
1975.0,3.0,108.3,100.6,116.6
1975.0,4.0,78.6,71.2,85.7
1975.0,5.0,58.4,51.2,65.6
1975.0,6.0,53.5,48.4,58.4
1975.0,7.0,23.4,19.7,27.6
1975.0,8.0,44.2,40.6,47.7
1975.0,9.0,48.6,44.4,52.9
1975.0,10.0,46.0,41.1,51.7
1975.0,11.0,43.1,37.0,49.2
1975.0,12.0,90.1,83.5,98.0
1976.0,1.0,56.5,48.7,64.9
1976.0,2.0,202.5,195.2,210.6
1976.0,3.0,165.7,158.1,173.8
1976.0,4.0,96.0,88.8,103.5
1976.0,5.0,74.2,67.2,81.5
1976.0,6.0,43.2,38.2,48.2
1976.0,7.0,35.7,32.2,39.7
1976.0,8.0,25.2,21.7,28.4
1976.0,9.0,44.0,40.1,48.8
1976.0,10.0,64.5,59.2,70.4
1976.0,11.0,39.9,33.9,46.0
1976.0,12.0,35.0,28.7,42.6
1977.0,1.0,27.2,19.5,35.1
1977.0,2.0,59.7,52.2,67.3
1977.0,3.0,163.7,155.9,172.0
1977.0,4.0,140.9,133.8,148.0
1977.0,5.0,58.7,51.6,66.0
1977.0,6.0,35.2,30.2,39.8
1977.0,7.0,39.1,35.5,43.3
1977.0,8.0,41.1,37.7,44.9
1977.0,9.0,84.9,80.9,89.6
1977.0,10.0,54.6,49.3,60.2
1977.0,11.0,66.2,60.2,72.4
1977.0,12.0,150.9,144.3,158.6
1978.0,1.0,67.4,59.4,75.3
1978.0,2.0,23.2,16.0,31.4
1978.0,3.0,147.8,140.2,155.6
1978.0,4.0,166.5,159.0,173.6
1978.0,5.0,70.9,63.4,78.0
1978.0,6.0,34.4,29.3,39.1
1978.0,7.0,25.4,21.8,29.5
1978.0,8.0,22.5,18.9,26.1
1978.0,9.0,29.8,25.3,34.4
1978.0,10.0,61.8,56.4,67.3
1978.0,11.0,53.7,47.6,60.2
1978.0,12.0,79.7,72.9,87.5
1979.0,1.0,79.7,71.9,87.8
1979.0,2.0,39.7,32.2,47.6
1979.0,3.0,154.0,145.8,162.3
1979.0,4.0,156.6,149.9,163.5
1979.0,5.0,80.7,73.6,87.9
1979.0,6.0,36.0,31.4,40.9
1979.0,7.0,40.4,36.3,45.0
1979.0,8.0,38.3,34.7,42.0
1979.0,9.0,50.3,46.3,54.7
1979.0,10.0,58.3,53.2,64.2
1979.0,11.0,91.4,85.2,97.6
1979.0,12.0,126.7,120.3,134.3
1980.0,1.0,79.6,71.6,87.7
1980.0,2.0,53.3,45.7,61.4
1980.0,3.0,130.3,122.6,138.4
1980.0,4.0,123.2,116.1,130.7
1980.0,5.0,63.9,56.7,71.1
1980.0,6.0,63.0,58.0,68.0
1980.0,7.0,33.8,30.3,38.1
1980.0,8.0,39.7,36.1,43.6
1980.0,9.0,33.0,29.0,37.5
1980.0,10.0,56.7,51.3,62.1
1980.0,11.0,41.9,35.9,48.6
1980.0,12.0,61.4,55.1,69.1
1981.0,1.0,41.1,33.2,49.0
1981.0,2.0,122.4,114.8,130.4
1981.0,3.0,56.0,48.4,63.9
1981.0,4.0,116.7,109.2,123.3
1981.0,5.0,81.3,74.2,88.6
1981.0,6.0,85.6,80.9,91.0
1981.0,7.0,31.1,27.5,35.1
1981.0,8.0,22.8,19.4,26.7
1981.0,9.0,76.2,72.0,80.7
1981.0,10.0,89.4,84.0,95.1
1981.0,11.0,60.7,54.6,66.8
1981.0,12.0,56.0,49.6,64.4
1982.0,1.0,65.6,57.9,74.0
1982.0,2.0,60.6,53.0,68.6
1982.0,3.0,213.4,205.6,221.4
1982.0,4.0,109.2,101.9,116.1
1982.0,5.0,59.3,52.2,66.2
1982.0,6.0,51.4,46.7,56.2
1982.0,7.0,31.2,27.8,35.6
1982.0,8.0,20.5,17.2,24.1
1982.0,9.0,31.9,27.7,36.2
1982.0,10.0,35.1,30.1,40.4
1982.0,11.0,155.3,148.9,161.2
1982.0,12.0,136.5,129.5,144.4
1983.0,1.0,77.2,69.3,85.3
1983.0,2.0,54.2,46.5,62.0
1983.0,3.0,75.1,67.0,83.2
1983.0,4.0,115.4,108.6,122.8
1983.0,5.0,120.4,113.4,127.4
1983.0,6.0,42.0,36.8,47.0
1983.0,7.0,35.8,32.2,39.9
1983.0,8.0,28.5,25.0,31.9
1983.0,9.0,35.7,31.2,40.2
1983.0,10.0,84.7,79.2,90.3
1983.0,11.0,129.6,123.3,135.8
1983.0,12.0,120.2,113.7,128.4
1984.0,1.0,50.0,42.3,58.4
1984.0,2.0,118.5,110.9,126.3
1984.0,3.0,124.7,117.1,132.6
1984.0,4.0,125.9,118.7,132.8
1984.0,5.0,106.7,99.6,113.8
1984.0,6.0,43.6,38.8,48.5
1984.0,7.0,26.0,22.4,30.1
1984.0,8.0,22.4,18.9,26.4
1984.0,9.0,34.1,30.0,38.6
1984.0,10.0,43.3,38.0,49.0
1984.0,11.0,80.3,74.1,86.6
1984.0,12.0,88.0,81.6,95.5
1985.0,1.0,78.0,70.0,86.4
1985.0,2.0,108.5,101.0,116.4
1985.0,3.0,152.7,145.4,160.7
1985.0,4.0,123.6,116.2,130.6
1985.0,5.0,52.4,45.3,59.7
1985.0,6.0,46.0,40.8,50.7
1985.0,7.0,25.1,21.6,29.3
1985.0,8.0,35.6,31.5,39.2
1985.0,9.0,25.0,21.1,29.9
1985.0,10.0,74.1,68.6,79.7
1985.0,11.0,208.5,202.2,214.8
1985.0,12.0,94.9,88.2,102.7
1986.0,1.0,89.2,81.3,97.2
1986.0,2.0,92.4,84.4,100.1
1986.0,3.0,113.7,106.2,121.9
1986.0,4.0,89.4,82.1,96.1
1986.0,5.0,65.8,58.6,72.9
1986.0,6.0,56.0,51.0,60.9
1986.0,7.0,40.8,37.2,45.5
1986.0,8.0,28.4,25.0,32.1
1986.0,9.0,55.7,51.7,60.5
1986.0,10.0,99.6,94.8,105.7
1986.0,11.0,58.4,52.1,64.7
1986.0,12.0,97.1,90.6,105.1
1987.0,1.0,55.1,47.4,63.3
1987.0,2.0,44.5,36.6,52.4
1987.0,3.0,67.5,60.0,75.4
1987.0,4.0,93.7,86.4,101.0
1987.0,5.0,42.8,35.8,50.3
1987.0,6.0,41.1,36.1,46.0
1987.0,7.0,34.5,31.0,38.7
1987.0,8.0,46.1,42.2,49.7
1987.0,9.0,32.0,28.1,36.6
1987.0,10.0,55.4,50.5,60.9
1987.0,11.0,60.0,53.6,66.2
1987.0,12.0,109.9,103.2,117.6
1988.0,1.0,48.61,31.36,67.86
1988.0,2.0,65.87,48.91,85.96
1988.0,3.0,81.08,63.13,98.96
1988.0,4.0,71.37,56.06,88.58
1988.0,5.0,35.82,24.27,48.14
1988.0,6.0,22.8,15.41,33.42
1988.0,7.0,21.59,14.54,31.48
1988.0,8.0,18.7,11.07,28.53
1988.0,9.0,21.1,10.8,34.43
1988.0,10.0,44.82,26.72,61.19
1988.0,11.0,86.57,68.62,105.83
1988.0,12.0,51.03,34.83,67.57
1989.0,1.0,69.17,51.25,89.0
1989.0,2.0,42.18,28.07,58.19
1989.0,3.0,62.73,47.53,78.52
1989.0,4.0,98.69,81.88,116.64
1989.0,5.0,84.53,69.02,101.51
1989.0,6.0,90.37,72.86,106.12
1989.0,7.0,27.62,18.19,40.09
1989.0,8.0,17.96,10.8,28.34
1989.0,9.0,26.84,14.84,41.62
1989.0,10.0,21.76,8.87,37.16
1989.0,11.0,62.1,43.05,80.36
1989.0,12.0,29.41,16.85,44.63
1990.0,1.0,91.43,72.96,109.96
1990.0,2.0,152.97,135.83,171.39
1990.0,3.0,104.91,87.13,123.95
1990.0,4.0,95.93,79.47,112.63
1990.0,5.0,97.63,80.45,115.17
1990.0,6.0,44.3,30.98,58.96
1990.0,7.0,35.66,24.28,48.7
1990.0,8.0,30.94,19.55,45.22
1990.0,9.0,45.66,29.08,63.65
1990.0,10.0,75.35,57.44,93.75
1990.0,11.0,57.39,39.24,75.05
1990.0,12.0,160.8,143.83,180.3
1991.0,1.0,124.32,104.35,142.16
1991.0,2.0,85.28,68.18,103.42
1991.0,3.0,102.85,85.03,120.54
1991.0,4.0,112.09,95.14,130.02
1991.0,5.0,51.74,38.62,66.81
1991.0,6.0,30.51,21.05,43.42
1991.0,7.0,22.74,15.35,33.07
1991.0,8.0,21.92,13.12,33.48
1991.0,9.0,18.91,9.22,32.16
1991.0,10.0,32.19,16.28,49.75
1991.0,11.0,46.29,31.0,64.41
1991.0,12.0,56.66,41.11,73.69
1992.0,1.0,40.79,24.54,57.59
1992.0,2.0,67.1,50.13,82.39
1992.0,3.0,90.52,73.35,108.63
1992.0,4.0,110.01,93.83,128.69
1992.0,5.0,55.13,40.81,69.44
1992.0,6.0,34.4,23.92,48.23
1992.0,7.0,54.04,39.21,71.2
1992.0,8.0,36.26,23.59,52.36
1992.0,9.0,82.29,64.81,100.68
1992.0,10.0,52.33,34.84,69.18
1992.0,11.0,151.56,133.58,169.1
1992.0,12.0,80.65,62.75,100.56
1993.0,1.0,186.49,166.72,204.04
1993.0,2.0,50.49,33.96,66.09
1993.0,3.0,148.44,129.49,165.98
1993.0,4.0,121.99,103.88,140.57
1993.0,5.0,46.04,32.62,60.26
1993.0,6.0,52.88,37.74,70.15
1993.0,7.0,25.78,17.09,37.36
1993.0,8.0,18.05,10.91,28.51
1993.0,9.0,25.67,13.98,39.67
1993.0,10.0,25.71,11.36,41.06
1993.0,11.0,76.01,58.07,94.65
1993.0,12.0,58.64,42.63,75.64
1994.0,1.0,29.78,14.81,45.63
1994.0,2.0,80.04,62.73,98.34
1994.0,3.0,97.55,80.65,115.16
1994.0,4.0,124.81,107.14,141.86
1994.0,5.0,47.48,33.81,62.47
1994.0,6.0,37.04,25.48,50.84
1994.0,7.0,26.78,16.93,38.55
1994.0,8.0,25.96,15.03,39.12
1994.0,9.0,20.44,10.08,33.03
1994.0,10.0,16.6,6.41,31.64
1994.0,11.0,41.32,26.9,57.8
1994.0,12.0,76.23,57.38,94.15
1995.0,1.0,98.63,79.67,118.01
1995.0,2.0,49.28,33.14,66.56
1995.0,3.0,82.17,64.48,100.18
1995.0,4.0,102.66,84.78,118.58
1995.0,5.0,60.62,45.36,76.42
1995.0,6.0,33.84,23.07,46.43
1995.0,7.0,25.42,17.02,36.36
1995.0,8.0,19.57,11.91,31.18
1995.0,9.0,16.57,8.61,28.02
1995.0,10.0,49.21,31.86,67.09
1995.0,11.0,90.28,71.55,107.24
1995.0,12.0,43.61,28.06,60.76
1996.0,1.0,89.97,71.05,108.74
1996.0,2.0,65.04,47.69,82.64
1996.0,3.0,92.59,74.73,109.55
1996.0,4.0,109.67,92.08,128.05
1996.0,5.0,132.06,115.71,152.2
1996.0,6.0,66.2,51.47,82.09
1996.0,7.0,27.39,18.28,39.45
1996.0,8.0,20.37,12.71,31.2
1996.0,9.0,48.38,30.8,64.37
1996.0,10.0,42.84,27.41,60.73
1996.0,11.0,84.25,66.27,102.02
1996.0,12.0,139.45,120.57,157.48
1997.0,1.0,66.82,48.2,86.38
1997.0,2.0,139.26,120.42,156.96
1997.0,3.0,167.83,149.1,187.48
1997.0,4.0,76.22,57.86,93.64
1997.0,5.0,112.74,96.3,130.19
1997.0,6.0,84.05,67.16,100.94
1997.0,7.0,29.98,20.76,42.21
1997.0,8.0,27.44,16.16,40.5
1997.0,9.0,37.18,22.02,53.15
1997.0,10.0,24.44,10.78,40.08
1997.0,11.0,48.86,32.62,65.54
1997.0,12.0,69.84,53.11,88.08
1998.0,1.0,144.93,125.21,165.21
1998.0,2.0,100.46,82.84,118.41
1998.0,3.0,129.23,110.79,147.42
1998.0,4.0,129.64,112.5,146.74
1998.0,5.0,54.51,40.06,71.05
1998.0,6.0,33.81,22.39,46.67
1998.0,7.0,29.34,19.61,41.12
1998.0,8.0,39.53,24.41,53.65
1998.0,9.0,18.22,9.18,30.65
1998.0,10.0,17.15,6.73,30.69
1998.0,11.0,24.31,13.57,36.77
1998.0,12.0,31.13,17.8,45.45
1999.0,1.0,87.68,69.75,107.89
1999.0,2.0,70.73,53.51,87.46
1999.0,3.0,81.89,64.93,98.86
1999.0,4.0,109.66,91.08,128.35
1999.0,5.0,45.66,33.17,60.4
1999.0,6.0,31.54,20.95,44.69
1999.0,7.0,23.14,15.38,33.95
1999.0,8.0,17.09,10.37,26.57
1999.0,9.0,17.11,8.43,28.59
1999.0,10.0,28.22,13.42,43.86
1999.0,11.0,42.47,27.03,58.82
1999.0,12.0,54.58,37.66,72.03
2000.0,1.0,34.5,18.56,50.37
2000.0,2.0,61.52,45.37,79.6
2000.0,3.0,61.91,46.63,77.8
2000.0,4.0,101.54,83.51,118.32
2000.0,5.0,84.71,67.47,102.69
2000.0,6.0,81.08,63.88,97.5
2000.0,7.0,34.87,23.6,48.54
2000.0,8.0,28.54,17.23,43.58
2000.0,9.0,37.56,22.88,54.21
2000.0,10.0,32.19,15.59,48.37
2000.0,11.0,39.23,24.66,56.43
2000.0,12.0,43.66,28.42,59.86
2001.0,1.0,26.82,14.55,40.99
2001.0,2.0,124.95,109.04,140.21
2001.0,3.0,78.16,62.54,92.51
2001.0,4.0,93.28,77.61,108.83
2001.0,5.0,58.34,43.38,73.78
2001.0,6.0,34.08,24.28,46.88
2001.0,7.0,20.84,14.09,30.02
2001.0,8.0,18.04,11.12,26.95
2001.0,9.0,27.86,15.24,41.05
2001.0,10.0,83.45,68.02,99.25
2001.0,11.0,42.26,28.04,57.19
2001.0,12.0,103.86,87.71,121.65
2002.0,1.0,59.57,43.91,77.91
2002.0,2.0,107.78,91.24,123.29
2002.0,3.0,97.65,81.33,114.34
2002.0,4.0,141.84,124.81,158.64
2002.0,5.0,101.67,87.04,116.57
2002.0,6.0,40.04,27.75,53.75
2002.0,7.0,22.14,14.85,31.4
2002.0,8.0,17.93,10.58,27.28
2002.0,9.0,25.25,13.22,37.37
2002.0,10.0,16.85,7.13,29.63
2002.0,11.0,44.14,29.7,60.05
2002.0,12.0,51.62,36.99,68.03
2003.0,1.0,33.81,19.27,50.6
2003.0,2.0,38.18,23.9,52.46
2003.0,3.0,99.9,83.72,116.1
2003.0,4.0,96.97,82.21,113.42
2003.0,5.0,110.76,95.62,125.79
2003.0,6.0,44.35,32.36,57.28
2003.0,7.0,47.21,33.79,59.98
2003.0,8.0,27.76,17.81,41.11
2003.0,9.0,41.84,27.99,57.7
2003.0,10.0,50.0,35.04,65.53
2003.0,11.0,64.72,47.55,80.27
2003.0,12.0,113.46,97.27,130.08
2004.0,1.0,68.3,52.75,86.19
2004.0,2.0,53.31,37.96,68.19
2004.0,3.0,123.28,107.11,139.18
2004.0,4.0,85.64,69.2,100.84
2004.0,5.0,106.55,89.62,121.35
2004.0,6.0,77.88,63.14,93.16
2004.0,7.0,29.19,19.3,40.57
2004.0,8.0,28.06,17.91,40.41
2004.0,9.0,38.13,24.48,52.29
2004.0,10.0,22.04,10.6,37.7
2004.0,11.0,60.56,45.43,75.95
2004.0,12.0,92.02,77.38,108.67
2005.0,1.0,212.6,195.76,230.21
2005.0,2.0,120.3,105.14,136.72
2005.0,3.0,84.69,68.72,101.42
2005.0,4.0,120.8,105.28,137.74
2005.0,5.0,50.99,38.28,65.84
2005.0,6.0,26.52,17.51,35.28
2005.0,7.0,26.39,17.63,36.88
2005.0,8.0,19.29,11.73,29.38
2005.0,9.0,48.49,33.07,63.3
2005.0,10.0,25.65,12.48,40.31
2005.0,11.0,63.54,49.3,79.16
2005.0,12.0,73.47,57.83,88.44
2006.0,1.0,118.82,101.97,136.38
2006.0,2.0,107.58,92.34,123.95
2006.0,3.0,94.36,79.45,111.56
2006.0,4.0,72.79,58.26,87.01
2006.0,5.0,85.84,70.97,99.92
2006.0,6.0,48.62,36.48,62.07
2006.0,7.0,42.64,30.96,56.3
2006.0,8.0,26.19,15.78,38.09
2006.0,9.0,30.02,17.94,44.81
2006.0,10.0,99.56,84.62,115.23
2006.0,11.0,104.02,86.98,120.69
2006.0,12.0,150.05,131.23,168.05
2007.0,1.0,177.05,161.73,194.92
2007.0,2.0,47.8,32.53,62.87
2007.0,3.0,164.34,147.65,180.02
2007.0,4.0,100.14,84.68,116.19
2007.0,5.0,56.21,42.63,70.12
2007.0,6.0,28.52,18.95,39.42
2007.0,7.0,21.76,14.61,31.71
2007.0,8.0,85.09,69.03,100.7
2007.0,9.0,25.6,14.97,39.14
2007.0,10.0,18.57,8.1,32.3
2007.0,11.0,64.45,47.82,79.88
2007.0,12.0,141.27,124.63,158.22
2008.0,1.0,120.52,103.54,136.32
2008.0,2.0,180.0,164.94,197.23
2008.0,3.0,193.52,177.16,210.5
2008.0,4.0,133.61,119.54,150.3
2008.0,5.0,63.69,49.28,77.66
2008.0,6.0,49.13,36.5,63.22
2008.0,7.0,42.21,30.37,55.62
2008.0,8.0,18.37,11.3,28.53
2008.0,9.0,40.86,26.68,55.42
2008.0,10.0,26.94,13.43,41.5
2008.0,11.0,61.76,46.0,76.41
2008.0,12.0,131.7,115.24,147.95
2009.0,1.0,59.59,44.38,77.65
2009.0,2.0,153.41,138.19,169.09
2009.0,3.0,188.95,172.34,204.79
2009.0,4.0,127.01,110.58,142.85
2009.0,5.0,67.74,53.37,81.84
2009.0,6.0,43.83,32.07,56.67
2009.0,7.0,25.58,17.55,36.66
2009.0,8.0,25.76,15.92,38.93
2009.0,9.0,22.31,11.82,35.07
2009.0,10.0,46.07,31.97,61.62
2009.0,11.0,36.08,22.69,49.95
2009.0,12.0,74.68,58.2,91.19
2010.0,1.0,49.42,33.53,65.94
2010.0,2.0,32.67,20.42,46.41
2010.0,3.0,114.72,98.67,130.58
2010.0,4.0,77.25,62.13,92.69
2010.0,5.0,104.29,89.99,119.85
2010.0,6.0,63.06,48.8,77.95
2010.0,7.0,29.73,20.52,41.81
2010.0,8.0,18.08,11.52,28.27
2010.0,9.0,19.05,10.37,30.9
2010.0,10.0,25.91,13.85,40.64
2010.0,11.0,50.14,35.77,65.47
2010.0,12.0,62.85,48.34,77.83
2011.0,1.0,38.51,24.11,53.75
2011.0,2.0,74.17,57.85,89.74
2011.0,3.0,249.05,232.34,265.91
2011.0,4.0,181.81,165.97,197.05
2011.0,5.0,189.99,174.78,206.89
2011.0,6.0,61.13,46.21,75.85
2011.0,7.0,29.56,20.3,41.29
2011.0,8.0,27.28,17.3,40.01
2011.0,9.0,51.63,37.24,65.67
2011.0,10.0,100.76,85.9,116.4
2011.0,11.0,116.09,101.44,132.76
2011.0,12.0,222.81,206.76,240.3
2012.0,1.0,137.58,121.28,154.82
2012.0,2.0,85.34,68.07,100.44
2012.0,3.0,118.54,102.29,134.04
2012.0,4.0,51.55,37.55,64.75
2012.0,5.0,50.18,36.7,63.73
2012.0,6.0,28.29,19.33,40.33
2012.0,7.0,21.9,14.67,30.57
2012.0,8.0,27.32,17.2,41.19
2012.0,9.0,39.53,25.49,53.84
2012.0,10.0,61.43,46.45,77.51
2012.0,11.0,73.63,57.87,89.23
2012.0,12.0,71.09,55.42,86.56
2013.0,1.0,100.88,83.66,117.14
2013.0,2.0,94.89,79.74,112.29
2013.0,3.0,96.74,81.25,113.29
2013.0,4.0,151.61,136.25,168.43
2013.0,5.0,58.63,45.34,73.15
2013.0,6.0,84.44,70.31,99.2
2013.0,7.0,71.86,56.77,87.21
2013.0,8.0,26.18,15.88,38.69
2013.0,9.0,24.06,12.71,36.87
2013.0,10.0,50.14,34.73,65.34
2013.0,11.0,80.52,65.86,95.83
2013.0,12.0,122.88,106.11,140.64
2014.0,1.0,83.36,67.02,99.65
2014.0,2.0,90.96,75.55,106.86
2014.0,3.0,109.49,92.81,125.6
2014.0,4.0,139.05,124.04,155.01
2014.0,5.0,94.92,80.0,109.54
2014.0,6.0,43.48,31.18,56.39
2014.0,7.0,27.8,19.4,39.69
2014.0,8.0,28.45,17.88,41.86
2014.0,9.0,47.15,32.1,61.84
2014.0,10.0,36.04,21.57,50.86
2014.0,11.0,49.72,34.82,66.94
2014.0,12.0,53.2,37.95,69.2
2015.0,1.0,59.13,43.02,74.71
2015.0,2.0,27.69,16.69,40.34
2015.0,3.0,100.39,84.45,116.13
2015.0,4.0,105.05,89.95,120.69
2015.0,5.0,55.05,41.48,68.92
2015.0,6.0,133.56,119.08,148.97
2015.0,7.0,80.81,65.65,95.74
2015.0,8.0,21.43,13.14,32.41
2015.0,9.0,27.04,15.35,39.69
2015.0,10.0,19.81,9.33,33.69
2015.0,11.0,44.41,30.02,58.59
2015.0,12.0,63.09,48.11,79.47
2016.0,1.0,82.88,66.69,99.52
2016.0,2.0,78.3,62.76,95.4
2016.0,3.0,127.55,111.48,145.22
2016.0,4.0,117.14,102.33,132.85
2016.0,5.0,66.14,51.43,81.39
2016.0,6.0,28.16,19.25,39.55
2016.0,7.0,21.96,15.29,30.88
2016.0,8.0,21.97,13.33,33.73
2016.0,9.0,26.57,14.97,40.74
2016.0,10.0,36.12,21.64,52.0
2016.0,11.0,31.87,18.96,44.95
2016.0,12.0,72.69,57.36,89.8
2017.0,1.0,154.68,140.08,172.1
2017.0,2.0,96.58,81.14,111.59
2017.0,3.0,107.22,91.3,123.32
2017.0,4.0,140.46,124.27,155.37
2017.0,5.0,149.51,135.18,163.71
2017.0,6.0,48.31,35.75,61.15
2017.0,7.0,62.93,48.86,77.49
2017.0,8.0,26.59,16.33,39.54
2017.0,9.0,17.27,8.87,27.69
2017.0,10.0,27.95,15.02,44.5
2017.0,11.0,129.1,112.69,144.17
2017.0,12.0,48.66,33.6,63.95
2018.0,1.0,76.94,61.21,93.32
2018.0,2.0,148.6,132.84,164.45
2018.0,3.0,123.42,109.16,138.7
2018.0,4.0,145.75,129.4,162.92
2018.0,5.0,87.39,71.58,102.69
2018.0,6.0,41.01,29.35,54.11
2018.0,7.0,24.15,16.69,34.24
2018.0,8.0,25.3,15.71,37.21
2018.0,9.0,34.53,21.15,47.53
2018.0,10.0,41.47,25.02,55.98
2018.0,11.0,112.99,97.53,129.32
2018.0,12.0,90.48,73.67,106.17
2019.0,1.0,83.57,68.41,100.63
2019.0,2.0,129.93,115.13,145.45
2019.0,3.0,99.39,83.2,116.33
2019.0,4.0,149.7,134.31,166.27
2019.0,5.0,125.95,111.13,140.04
2019.0,6.0,93.0,78.23,108.13
2019.0,7.0,30.71,20.78,41.93
2019.0,8.0,20.32,12.48,30.17
2019.0,9.0,24.55,13.87,37.6
2019.0,10.0,31.47,17.23,46.47
2019.0,11.0,71.83,57.11,87.21
2019.0,12.0,57.18,41.8,73.76
2020.0,1.0,155.56,137.76,172.23
2020.0,2.0,76.62,61.09,92.17
2020.0,3.0,140.88,125.31,157.09
2020.0,4.0,95.71,80.52,110.84
2020.0,5.0,86.36,71.61,101.29
2020.0,6.0,30.75,21.08,42.13
2020.0,7.0,21.9,14.72,30.27
2020.0,8.0,17.97,10.79,27.1
2020.0,9.0,22.71,12.05,35.67
2020.0,10.0,38.46,23.68,52.03
2020.0,11.0,52.44,38.01,67.11
2020.0,12.0,70.17,55.05,86.14
2021.0,1.0,46.67,30.74,64.95
2021.0,2.0,27.33,16.22,41.43
2021.0,3.0,78.14,61.18,94.72
2021.0,4.0,57.73,44.98,72.75
2021.0,5.0,66.31,49.29,81.65
2021.0,6.0,41.88,29.6,57.25
2021.0,7.0,57.25,43.33,73.13
2021.0,8.0,25.18,14.96,38.26
2021.0,9.0,54.8,38.97,72.52
2021.0,10.0,92.92,75.84,109.14
2021.0,11.0,69.51,53.81,86.08
2021.0,12.0,112.85,94.81,131.8
2022.0,1.0,43.92,27.31,60.01
2022.0,2.0,132.2,116.85,150.01
2022.0,3.0,123.95,106.54,141.14
2022.0,4.0,86.43,70.62,105.13
2022.0,5.0,70.03,54.76,86.02
2022.0,6.0,35.77,24.59,48.58
2022.0,7.0,24.51,16.15,35.59
2022.0,8.0,20.42,12.35,31.79
2022.0,9.0,25.36,13.82,40.28
2022.0,10.0,17.61,7.55,31.44
2022.0,11.0,36.78,21.9,53.11
2022.0,12.0,46.73,29.43,61.99
