date,superior,michigan-huron,erie,ontario
1979-01-01,91.59674496636758,50.64191999765091,10.38065637494385,18.556708081738535
1979-02-01,126.15831611826997,116.96130916435538,46.63360947921305,30.023312790243054
1979-03-01,151.45676932455203,115.99492215914918,39.41613088400402,29.435605696071853
1979-04-01,130.16600707447134,72.94035365684553,30.0045108308379,0.12464252515739833
1979-05-01,68.8822892891835,28.288612590694786,11.811335707525979,0.00406317713634743
1979-06-01,25.982087428655323,8.262721124711556,11.78187341368747,0.0
1979-07-01,1.2883195054962056,0.4187775384169033,10.214699030347873,0.0
1979-08-01,0.0,0.0,0.0,0.0
1979-09-01,0.0,0.0,0.0,0.0
1979-10-01,0.0,0.0,0.0,0.0
1979-11-01,4.120853717335898,1.2995099654822002,0.0,0.0008347480173667177
1979-12-01,16.463296690639584,10.823853206781704,4.559885736052031,2.665862376232009
1980-01-01,36.705348192275665,10.030048428537228,4.479917118450197,0.2206125840226055
1980-02-01,105.87629507088762,40.077193330658574,14.665552036545252,13.017698844435087
1980-03-01,2.4803538067384,1.7955358040893428,2.9222791904763685,2.9034665183115647
1980-04-01,110.71486801718315,47.951426678305104,15.081151444036978,1.7298471978646832
1980-05-01,1.4581928617395046,0.06685710003556351,0.0,0.0
1980-06-01,0.0,0.0,0.0,0.0
1980-07-01,0.0,0.0,0.0,0.0
1980-08-01,0.0,0.0,0.0,0.0
1980-09-01,0.0,0.0,0.0,0.0
1980-10-01,0.0,0.0,0.0,0.0
1980-11-01,0.7464265994700997,0.512646074072733,0.5580385186184591,0.12089510996579822
1980-12-01,12.753242878077602,12.559609315673935,6.107156365074078,2.9101306628365284
1981-01-01,54.30393839258043,42.95004940712146,19.13536509032063,16.26714627707474
1981-02-01,106.63903733119697,57.38246819930903,34.236132431506476,22.768497159351156
1981-03-01,2.789531495630461,1.0594777619854385,0.0016080386589557587,1.264452530155874
1981-04-01,52.63885805232901,39.181289144696535,18.758158240366793,0.4670156680607078
1981-05-01,3.4866608566630477,1.2718864644927887,0.1776738770663539,0.0
1981-06-01,0.007303247810549147,0.0,0.0,0.0
1981-07-01,0.0,0.0,0.0,0.0
1981-08-01,0.0,0.0,0.0,0.0
1981-09-01,0.0,0.0,0.0,0.0
1981-10-01,0.019496179864835338,0.004635649625121799,0.0,0.0
1981-11-01,0.324915430248247,0.3258922112840052,0.06116558773386221,0.0
1981-12-01,14.45042591838946,4.43872567885637,0.4790380580280422,0.8998796324539599
1982-01-01,64.58098099055766,34.88549660598381,17.872730595595623,17.56952889172733
1982-02-01,118.85091157771511,89.24263256871006,43.18967241063809,55.465515613179946
1982-03-01,125.17110049546663,83.5136827808536,32.18065871101162,35.579319663981785
1982-04-01,72.82973132715755,47.644092970079406,4.256817025073578,3.5257674027385617
1982-05-01,12.243952698514184,19.38126454203869,0.0018971657166644272,7.143689992076504e-09
1982-06-01,0.0,0.0,0.0,0.0
1982-07-01,0.0,0.0,0.0,0.0
1982-08-01,0.0,0.0,0.0,0.0
1982-09-01,0.0,0.0,0.0,0.0
1982-10-01,0.0,0.0,0.0,0.0
1982-11-01,0.003501511985504635,0.0046526424918445315,0.0,0.0
1982-12-01,3.4966187767623707,1.8029617122482087,0.054217130046331996,0.6228965554841247
1983-01-01,28.468975521863456,8.771082504657805,1.5590374392119735,1.7664408461241539
1983-02-01,67.89332055928368,23.70596477092554,10.338175267852993,9.33673311705161
1983-03-01,77.66178644962984,25.95985529477034,1.4405451627883403,1.5329203125036102
1983-04-01,66.31214258853643,22.06787686257756,0.6516039063891451,1.1549977564881968
1983-05-01,1.0793836054933785,3.2471245668773614,0.0,0.0
1983-06-01,0.0,0.0,0.0,0.0
1983-07-01,0.0,0.0,0.0,0.0
1983-08-01,0.0,0.0,0.0,0.0
1983-09-01,0.0,0.0,0.0,0.0
1983-10-01,0.0,0.0,0.0,0.0
1983-11-01,0.00025909755587776045,0.004837466658814701,0.7508855916002998,0.0
1983-12-01,30.50577658033018,9.738176859778601,1.9196383398721237,1.4421515138853247
1984-01-01,78.25457513262641,52.47037737761557,20.62554328402199,27.1919949388379
1984-02-01,62.94269939799826,52.346815411840936,32.491753375243064,40.60902445852818
1984-03-01,51.72761480205641,22.512913043979296,24.658704968135236,23.74043404860586
1984-04-01,58.844994848826786,21.767776383628075,8.376350174086639,9.141878582647163
1984-05-01,11.191363666107478,1.1438774525141637,0.02674601278276537,0.009609192965072273
1984-06-01,0.0,0.0,0.0,0.0
1984-07-01,0.0,0.0,0.0,0.0
1984-08-01,0.0,0.0,0.0,0.0
1984-09-01,0.0,0.0,0.0,0.0
1984-10-01,0.0015258766277927182,0.0,0.0,0.0
1984-11-01,1.6565307445527635,0.026578253992450826,0.0,0.0
1984-12-01,2.525140109126093,1.0817085736071852,0.057865936582098106,0.48997385359921714
1985-01-01,30.082109190395187,13.42129205476074,1.7870062805373155,2.4727133090367235
1985-02-01,69.59431026702408,63.312536970550816,38.43555002525722,49.60390363813876
1985-03-01,85.14000413004615,63.35893683258518,20.142676151720607,16.92282399888313
1985-04-01,15.119152642861248,5.586514590645791,0.0,1.1943189143218746
1985-05-01,0.5773073215629438,9.565885828421677e-06,0.0,0.0
1985-06-01,0.0,0.0015590968809422005,0.0,0.0
1985-07-01,0.0,0.0,0.0,0.0
1985-08-01,0.0,0.0,0.01584250083054715,0.0
1985-09-01,0.0,0.0,0.0,0.0
1985-10-01,0.026334268347065933,0.00010222243723849962,0.0,0.0
1985-11-01,0.004265485870653255,0.009836008120590685,0.05571856741134608,0.012765470713945456
1985-12-01,28.559481045716947,9.62098017066245,0.6862888501089933,5.97477342033213
1986-01-01,58.7894718452443,52.72316602664677,21.15648206494352,30.924466820866623
1986-02-01,38.55805911843589,21.023163499172234,8.241155939854348,16.127986132670404
1986-03-01,49.508771155545,28.728703489578642,14.542836549561656,15.57882285698421
1986-04-01,20.33894382723771,11.391524630510661,0.06799088357365046,1.88118869064182
1986-05-01,0.020668952415498532,0.02876832108629185,5.461436857127856e-08,1.1103574893063644
1986-06-01,0.024036351386792856,0.01430225872622596,5.256480884025944e-08,0.1916887207266674
1986-07-01,0.0,0.0,0.0,0.0
1986-08-01,0.0,0.0,0.0,0.0
1986-09-01,0.0,0.0,0.0,0.0
1986-10-01,0.0,0.0,0.0,0.0
1986-11-01,0.02032881872758598,0.012614395575709458,0.0,0.0
1986-12-01,9.693406777363426,3.218077248303875,0.10816488373748251,0.0012264761158123094
1987-01-01,23.634570533330283,15.295441775587605,3.147523654325835,3.9067993116183195
1987-02-01,34.55054988323669,32.29007476049661,18.065221987510732,34.07296181868671
1987-03-01,40.06315501091727,23.110497384934114,1.7815374428026907,16.800306493325174
1987-04-01,7.177246589435471,3.719402202923172,3.5266580042082514,1.2783107949801567
1987-05-01,0.0099904945087756,0.00026293767219409475,0.0,2.4883261210905726e-09
1987-06-01,0.0,0.0,0.0,0.0
1987-07-01,0.0,0.0,0.0,0.0
1987-08-01,0.0,0.0,0.0,0.0
1987-09-01,0.00022821574010215253,1.4984913408086421e-07,0.0,0.0
1987-10-01,0.0,0.0005480705766849035,2.4352428149186622e-08,3.0516452145894053e-05
1987-11-01,0.09471043930153752,0.06598303616269019,0.0,0.0
1987-12-01,7.215573725923446,1.7948613714951032,0.5583506943564328,0.18305305357827306
1988-01-01,27.352244043968625,15.940720084683363,2.1262612077930476,4.9520480345798
1988-02-01,44.386451637164654,15.167795137694966,1.6075156489515132,3.715469537504615
1988-03-01,59.53147228758092,27.413133306720816,3.5266789989571117,12.041881106615723
1988-04-01,31.74771168005678,5.908997977667889,0.004135832884388415,0.11964046799995079
1988-05-01,0.0,0.0,0.0,4.407785076792249e-05
1988-06-01,0.0,0.0,0.0,0.0
1988-07-01,0.0,0.0,0.0,0.0
1988-08-01,0.0,0.0,0.0,0.0
1988-09-01,0.003443474698698311,0.0,0.0,0.0
1988-10-01,0.0,0.0,0.0,0.0
1988-11-01,0.3885145712199747,0.15640127288301345,9.456306888345669e-06,0.25199325125641053
1988-12-01,5.949282388396909,2.2587647206067665,0.016937988958784095,0.09827862486070423
1989-01-01,35.02599260454168,13.735692107507745,6.011553425701825,4.976486007940239
1989-02-01,43.925958295378976,15.690886133701365,0.008122864208088184,1.405771169864954
1989-03-01,51.6667215643463,28.91599459982027,5.179916362385797,9.846108861002937
1989-04-01,17.748879940579428,2.362382049600716,0.006244723627237408,0.2197221005445037
1989-05-01,1.375709473282596,0.014062912308765371,0.0,0.0
1989-06-01,0.10012377678435376,0.10134604275831338,0.0,0.0
1989-07-01,0.0,0.0,0.0,0.0
1989-08-01,0.0,0.0,0.0,0.0
1989-09-01,0.0,0.0,0.0,0.0
1989-10-01,0.0,0.0,0.0,0.0
1989-11-01,5.076037136800548,0.3785823737350097,0.001665488110473002,0.01213913894731588
1989-12-01,8.146007569412875,5.216393931042891,1.27937251037554,2.5254387533899663
1990-01-01,31.728093891876505,28.709878060806716,5.800338677005038,17.280199986948787
1990-02-01,49.97148206192102,20.859296072610213,2.292820665327082,6.651227110889286
1990-03-01,48.70036715784832,27.533739312704867,2.882814201249851,12.261155888202653
1990-04-01,2.927592283511853,0.8945763542595175,0.016177236489090533,0.33292346542521445
1990-05-01,0.16018687015753197,0.006251450153839357,0.0,0.0
1990-06-01,0.0,0.0,0.0,0.0
1990-07-01,0.0,0.0,0.0,0.0
1990-08-01,0.0,0.0,0.0,0.0
1990-09-01,0.0,0.0,0.0,0.0
1990-10-01,0.0,6.808650834094795e-05,2.7667227299235954e-07,0.00045262912568060624
1990-11-01,0.014847011749896477,1.0125292834383878e-05,0.0,0.0
1990-12-01,6.504858657428617,0.3833700745866267,0.0046728662870092405,0.5326187578324059
1991-01-01,20.077200281138456,9.309134270741641,2.5658469846261487,4.011213592645346
1991-02-01,47.540787626236,24.33276910240056,7.408561938390433,15.960193511841632
1991-03-01,12.626835035847408,8.4390976694787,2.789938763104606,5.175704349657496
1991-04-01,9.15673353096843,1.9323065813867129,0.19960907001936062,0.11965540128908904
1991-05-01,0.004099538632240093,0.0019104582861470853,0.0,0.0
1991-06-01,0.0,0.0,0.0,0.0
1991-07-01,0.0,0.0,0.0,0.0
1991-08-01,0.0,0.0,0.0,0.0
1991-09-01,0.0,0.0,0.0,0.0
1991-10-01,0.0009413857877926325,5.7239859573678124e-08,0.0,0.0
1991-11-01,0.07612048375405785,0.00041944628480519513,0.0,0.0
1991-12-01,17.16065912864567,1.7785820128799212,0.10868663495892474,0.207511511019179
1992-01-01,24.428238096520914,7.856931406262309,1.3250874364836944,4.323648850869981
1992-02-01,41.51906825495658,17.512144633428935,4.191166087027552,9.437368212236764
1992-03-01,50.75819421710505,25.776228698672597,1.9692034782899603,11.640562278378331
1992-04-01,25.521869563186094,8.0491355071035,0.18300507937215435,0.5598992434571978
1992-05-01,0.370434338709498,0.008160641413230621,0.0,1.148002841070746e-05
1992-06-01,0.0,0.0,0.0,0.0
1992-07-01,0.0,0.0,0.0,0.0
1992-08-01,0.0,0.0,0.0,0.0
1992-09-01,0.0,0.0,0.0,0.0
1992-10-01,1.1777908129367579e-05,0.07006435545881831,1.1758571602175282e-07,0.0011021520878595128
1992-11-01,0.09237624838167426,4.875033108649029e-06,0.0,0.0
1992-12-01,5.742296484394132,0.8944101538448509,0.05560939450033074,0.006219456643164194
1993-01-01,36.777144594289986,11.649316405889573,0.11034205284131662,0.9311868345881877
1993-02-01,40.09582984408546,16.77383545962474,3.2146594003818554,15.526934199830087
1993-03-01,30.620774061967825,25.722873394964505,14.319785374711998,39.23051672135855
1993-04-01,6.50430606248991,1.0242640010509125,0.2951544457696549,0.8789851814671665
1993-05-01,0.6283525033994702,0.00629867006788252,0.0,0.0
1993-06-01,0.0017662837416911029,0.0005463597114901465,0.0,0.0
1993-07-01,0.0,0.0,0.0,0.0
1993-08-01,0.0,0.0,0.0,0.0
1993-09-01,0.0,0.0,0.0,0.0
1993-10-01,0.04251435386101161,0.010813958732828418,0.0,1.2131422843788747e-05
1993-11-01,0.9873725114768305,0.33896134572707093,1.1103276671484215,0.25946539804741875
1993-12-01,4.958070561746027,1.9989563287656504,0.5427326846292003,0.6805988624790248
1994-01-01,15.03839188344862,12.178221330270754,5.284307118757662,12.617285233047363
1994-02-01,39.86583266402192,34.63918449788182,6.445551453452455,28.404859469970468
1994-03-01,16.244585938922555,17.18352659628695,7.4624259338786425,22.251027736664973
1994-04-01,14.482004020133017,7.472667170439027,1.6912401297574595,1.8972354396253002
1994-05-01,1.1039779127972662,0.17611750313111707,0.0017276494830734265,0.01818606276750739
1994-06-01,3.076783111647701e-05,0.0,0.0,0.0
1994-07-01,0.0,0.0,0.0,0.0
1994-08-01,0.0,0.0,0.0,0.0
1994-09-01,8.131184374829894e-05,3.7192711030757955e-08,0.0,0.0
1994-10-01,0.0,0.0,0.0,0.0
1994-11-01,0.0,0.016292444421953295,9.627208711505757e-05,0.0
1994-12-01,7.241864744488923,4.048660912399378,0.7016319962802086,3.5354712350313817
1995-01-01,4.204037161035067,1.3771114922426446,0.015395164881743782,0.8393886264432916
1995-02-01,27.071028678273496,13.394369585975838,7.2432282509025425,8.236137130017951
1995-03-01,46.94887865013073,18.97815599080656,3.184762678849043,10.982837364910297
1995-04-01,4.286929498118433,0.300542010467945,0.01923092218582818,0.06449005916892524
1995-05-01,0.025144884800149675,0.0002419271270759346,0.0007426559171380537,0.0017199943172556476
1995-06-01,0.0,0.0,0.0,0.0
1995-07-01,0.12939336257258938,0.007436977734394402,0.0,0.0
1995-08-01,0.0,0.0,0.0,0.0
1995-09-01,0.0,0.0,0.0,0.0
1995-10-01,0.0,0.0,0.0,0.0
1995-11-01,2.1354960053975995,0.2786820905640404,0.0034350156067091808,0.005969311000824963
1995-12-01,18.911437381019496,13.702350117858561,2.2502365496944177,7.15257104822167
1996-01-01,45.74798152624199,21.9868002641069,14.262057942242198,28.463660911896866
1996-02-01,71.41322162357542,22.805339822644655,7.004502179658669,9.79369826315953
1996-03-01,80.5208392918673,19.810131204819132,4.779125306031913,3.002615820640293
1996-04-01,65.97843145431473,9.940061915900708,0.011533373104143261,0.5390809336858184
1996-05-01,9.18728117479402,1.9349986216287922,0.004581436435176401,0.0018082687283573764
1996-06-01,0.0,0.0,0.0,0.0
1996-07-01,0.0,0.0,0.0,0.0
1996-08-01,0.0,0.0,0.0,0.0
1996-09-01,0.0,0.0,0.0,0.0
1996-10-01,0.0,0.008739415220514872,0.0014292679666061642,0.0009106179477444902
1996-11-01,3.33762587682144,0.0019301490866044436,0.0,0.000839951143113075
1996-12-01,9.146475179134237,3.421416611091225,1.5390811239773916,4.255907774391982
1997-01-01,58.25375622582307,26.178096516926495,1.657028092633871,5.355841127151729
1997-02-01,100.12828179294904,44.95563639747129,9.940670249465068,20.36260584914789
1997-03-01,59.502108691059675,27.829048061200442,0.5166809904083616,3.995264608251452
1997-04-01,42.05571218856514,12.92895255549718,0.04926860684430179,4.352409600822778
1997-05-01,0.6405682911469046,0.0712859495366991,0.0,0.0005582127330640059
1997-06-01,0.0,0.0,0.0,0.0
1997-07-01,0.0,0.0,0.0,0.0
1997-08-01,0.0,0.0,0.0,0.0
1997-09-01,0.0,0.0,0.0,0.0
1997-10-01,0.0,0.0,0.0,6.305341847161086e-05
1997-11-01,0.11839930679041531,0.35585206607468134,0.0058292989782346176,0.24400802034580849
1997-12-01,6.360103177181747,1.7068595768122994,0.0005863501728994542,0.58337064590697
1998-01-01,15.876460960993915,9.715344569325262,3.399025171438235,15.231616593040359
1998-02-01,41.16204459253703,26.255424149818104,3.08396011981318,16.566663717430494
1998-03-01,19.33806275131528,5.735207999969741,0.0452237128981153,2.455633807558062
1998-04-01,1.88918084938868,0.411640285834525,0.0,0.0
1998-05-01,0.0,0.0008008488525447552,0.0,0.0
1998-06-01,0.0,0.0,0.0,0.0
1998-07-01,0.0,0.0,0.0,0.0
1998-08-01,0.0,0.0,0.0,0.0
1998-09-01,0.0,0.0,0.0,0.0
1998-10-01,0.0003786343807626834,7.2458071287786306e-06,0.0,0.0
1998-11-01,0.0,0.0,0.0,0.0
1998-12-01,1.0038774286043202,0.0008149864144438134,0.0,0.0
1999-01-01,16.875264934854645,13.300962111384603,3.6999453689698587,7.242668702342592
1999-02-01,40.358249876614465,18.93594452771493,4.289321793870446,14.684588161833013
1999-03-01,39.65416163096511,11.590234983400926,0.1802583245166818,1.7000601914817481
1999-04-01,33.441451387113915,4.184078494343784,0.0,1.6384613692788537
1999-05-01,0.0,0.0,0.0,0.0
1999-06-01,0.0011387247303884557,0.0,0.0,0.0
1999-07-01,0.0,0.0,0.0,0.0
1999-08-01,0.0,0.0,0.0,0.0
1999-09-01,0.0,0.0,0.0,0.0
1999-10-01,0.002898236034875191,3.943810806830638e-06,0.0,0.0
1999-11-01,0.0,0.0,0.0,0.0
1999-12-01,0.5093814400876748,0.7814020322269054,1.205977203828478,4.386485489728734
2000-01-01,19.23438902906612,10.647536706191893,3.894458516263463,6.624659433639757
2000-02-01,32.47921406865563,24.51638708936606,12.400668846896895,16.17471426389894
2000-03-01,14.225724173071821,1.9032403580510842,0.012330083465331697,0.5438185159073511
2000-04-01,9.076868551734872,0.5645456346113302,0.0064497276643393515,0.03745451184368875
2000-05-01,0.00479093056193895,0.0,0.0,0.0
2000-06-01,0.0,0.0,0.0,0.0
2000-07-01,0.0,0.0,0.0,0.0
2000-08-01,0.0,0.0,0.0,0.0
2000-09-01,0.0,0.0,0.0,0.0
2000-10-01,0.0,0.0,0.0,0.0
2000-11-01,0.020240825411211208,0.004441945967313161,0.0,0.0
2000-12-01,5.385485740668803,5.018868521314206,1.3195776723636319,3.6066029440270566
2001-01-01,25.033463571329374,31.584741470455302,21.10990929951956,23.228612397307533
2001-02-01,33.988409039415366,20.64051993369994,4.573805313366739,14.597819837692555
2001-03-01,4.368071341823774,3.7419420793904283,0.5408610188836127,4.080725605279495
2001-04-01,32.6342575730015,13.172662411469988,0.8965442335395828,12.882958677850667
2001-05-01,0.0,0.0,0.0,0.0
2001-06-01,0.0,0.0,0.0,0.0
2001-07-01,0.00032272696110738163,0.0,0.0,0.0
2001-08-01,0.0,0.0,0.0,0.0
2001-09-01,0.0,0.0,0.0,0.0
2001-10-01,0.0,0.0,0.0,0.0
2001-11-01,0.33905552065832395,0.0,0.0,0.0
2001-12-01,8.894955797688183,2.6718217171456398,7.323503794610432e-05,0.0002299127497646479
2002-01-01,14.568767163900203,16.76625241310815,10.0364608145351,28.766474827394344
2002-02-01,24.414861632443746,14.386865069967616,7.247935336231867,9.506534459500257
2002-03-01,39.351154564045125,19.57323251712717,5.2024860592999005,4.286254743807302
2002-04-01,28.87936884875787,7.114976192157941,0.016441636458116724,0.8735163628453527
2002-05-01,0.8560419165631371,0.06132120752452892,0.0006239742494452961,0.2351365187019089
2002-06-01,0.0,0.0,0.0,0.0
2002-07-01,0.0,0.0,0.0,0.0
2002-08-01,0.0,0.0,0.0,0.0
2002-09-01,0.0,0.0,0.0,0.0
2002-10-01,0.0,0.0,0.0,0.0
2002-11-01,1.3799123811247007,0.0013959282558426195,0.0023029057149320186,0.0031227135944847406
2002-12-01,11.786100581861412,3.2116920158915856,1.8575732566352792,3.6177909864782416
2003-01-01,16.684528049842903,3.325419245125105,0.21165853476303087,4.002314290285655
2003-02-01,23.091682961189438,22.055300191813558,13.543317680922243,28.278636692382193
2003-03-01,31.224693693602223,24.48879379465969,13.819731853939965,15.826459142310565
2003-04-01,14.93969473663262,1.6990429938452791,0.23426002455044087,3.2875557852135295
2003-05-01,0.2355301477004612,0.0,0.0,0.0
2003-06-01,0.0,0.0,0.0,0.0
2003-07-01,0.0,0.0,0.0,0.0
2003-08-01,0.0,0.0,0.0,0.0
2003-09-01,0.0,0.0,0.0,0.0
2003-10-01,0.002222229979291187,0.0011405183665324516,0.0003357856515961903,0.00036016132447917244
2003-11-01,2.0216852934426877,0.0,0.0,0.0
2003-12-01,11.709899945786058,1.7842841318043934,0.6370597000568642,2.5647002622538135
2004-01-01,14.252427317200784,5.953486551490293,0.30612274101652825,0.7724501792353119
2004-02-01,41.96673879754443,38.807201552862374,29.289325959717395,43.681320364011924
2004-03-01,38.0698838420435,21.899946000899412,2.1786245894650835,12.920144287645636
2004-04-01,9.657725000848014,0.9399998407436787,0.004680702284717725,0.20627349173019113
2004-05-01,0.4249551643360197,0.0006918017027213272,0.0,0.0
2004-06-01,0.0,0.0,0.0,0.0
2004-07-01,0.0,0.0,0.0,0.0
2004-08-01,0.0,0.0,0.0,0.0
2004-09-01,0.0,0.0,0.0,0.0
2004-10-01,0.0,0.0,0.0,0.0
2004-11-01,0.0,0.00030309094267423235,0.000190698637008413,0.0004607407196416259
2004-12-01,3.6283116122292656,0.421219498560213,0.0018574058311717919,0.0035584834855769644
2005-01-01,28.386598403849543,6.209493300678216,0.7525393295020273,2.030893732429397
2005-02-01,65.5347973922547,22.07984230784328,15.848199534911489,26.67433070264694
2005-03-01,56.335641246820046,20.901578414132562,6.985155550806027,20.086413543823742
2005-04-01,15.49485345585826,1.988152627983867,0.1098928680602428,1.3450700730536156
2005-05-01,0.033506148288162604,0.03017422891399954,0.0013486813500551197,0.0
2005-06-01,0.0,0.0,0.0,0.0
2005-07-01,0.0,0.0,0.0,0.0
2005-08-01,0.0,0.0,0.0,0.0
2005-09-01,0.0,0.0,0.0,0.0
2005-10-01,0.0,0.0,0.0,0.0
2005-11-01,0.0009034389859074073,1.2831780008063716e-05,0.0,0.0
2005-12-01,8.323403031264876,0.9322278511161498,0.18962469222780212,0.07260640565431864
2006-01-01,22.75611794494137,6.850012321788786,2.3760234758157144,2.247080316016259
2006-02-01,29.73639519820351,14.15464319423773,0.40016428828284917,3.0276884732842637
2006-03-01,58.49484084696293,29.76455033104308,2.9483798426918226,6.658553695411107
2006-04-01,43.945389185246704,23.026590918151985,0.08898778629033008,3.662934761137762
2006-05-01,0.02968215155359412,4.8466228873427466e-05,0.0,0.0
2006-06-01,0.0,0.0,0.0,0.0
2006-07-01,0.0,0.0,0.0,0.0
2006-08-01,0.0,0.0,0.0,0.0
2006-09-01,0.0,0.0,0.0,0.0
2006-10-01,0.0,0.0,0.0,0.0
2006-11-01,0.2972295163139242,0.07489310862138707,0.0,0.08991510213331744
2006-12-01,0.5785681239809941,9.37215689236791e-05,0.0,0.0
2007-01-01,7.7930730984029895,1.2571449333867037,0.018847699001807855,1.1655568473472615
2007-02-01,19.572311330842677,16.289903133354912,9.358002520241287,12.9014040295107
2007-03-01,29.384036242203912,18.95060727822876,5.26423474612314,15.896299619269248
2007-04-01,1.103455618297371,0.17571540459834237,0.006677278745185128,0.20533316237645444
2007-05-01,0.8428485484462894,0.13919353601922246,5.792426503997279e-05,0.11309183338293627
2007-06-01,0.0,0.0,0.0,0.0
2007-07-01,0.0,0.0,0.0,0.0
2007-08-01,0.0,0.0,0.0,0.0
2007-09-01,0.0,0.0,0.0,0.0
2007-10-01,0.0,0.0,0.0,0.0
2007-11-01,0.0023753976020694755,6.141370187678787e-05,0.0,0.0
2007-12-01,12.560283066024274,4.9865651337833095,1.5649699047539833,2.34169225128655
2008-01-01,41.562503968749354,12.428879562721896,1.57517765199719,7.280679727944513
2008-02-01,36.62365941152555,6.663828956875969,0.31466888126005405,2.4731805725738076
2008-03-01,51.400657054776914,25.833068369496008,11.547842448891409,14.890752191108415
2008-04-01,30.430841122846605,9.209327828983827,0.09775054634619953,0.8440993143343618
2008-05-01,0.6631124848630795,0.00025518383161861585,0.0,0.0001346592169309239
2008-06-01,0.0,0.0,0.0,0.0
2008-07-01,0.0,0.0,0.0,0.0
2008-08-01,0.0,0.0,0.0,0.0
2008-09-01,0.0,0.0,0.0,0.0
2008-10-01,0.0012967227249510184,0.00019044786649051552,0.0,0.0
2008-11-01,0.0,8.413099861833785e-05,0.01803098489590874,1.7255554955076082
2008-12-01,6.898605798686337,8.42126958886546,1.8303352030069053,5.249038024796301
2009-01-01,8.076682001675534,6.037708764224541,4.11561289979634,6.74536371152425
2009-02-01,8.57806809466152,8.575861237019692,8.631563746198896,8.873204958870549
2009-03-01,8.683910071603801,5.698760924106674,2.324121259025771,2.4479229820732247
2009-04-01,7.039993933228285,3.128300041159766,1.722990312970476,2.3111467668513668
2009-05-01,2.127402893791748,1.4505449264301613,0.1147691966301898,1.2136700665201778
2009-06-01,0.9313145304207006,0.18241905126095928,0.0,0.00020052989001473462
2009-07-01,0.0,0.0,0.0,0.0
2009-08-01,0.0,0.0,0.0,0.0
2009-09-01,0.0,0.0,0.0,0.0
2009-10-01,0.0,1.4808272102361643e-06,0.0004042186114689752,0.001497797885744605
2009-11-01,2.011166327643245,0.8266824515990501,4.6742597441465095e-05,0.07745876229555669
2009-12-01,3.496762929158474,2.699850436768657,2.1137388842196314,2.224183719865118
2010-01-01,8.173356399617475,7.4310638925047945,5.373870459125586,5.9596824618631254
2010-02-01,8.688072194121082,6.2632533121881675,3.072663370094517,6.178248062257603
2010-03-01,8.687970106316845,8.549826152969471,8.621045211385628,8.228908409478537
2010-04-01,2.1752986911229724,2.22608439395966,1.7216052848275263,2.2202301889871667
2010-05-01,2.104559169397093,1.4444005062228935,0.1181741213753696,1.2383139751029164
2010-06-01,0.9140443083885427,0.18014590938377228,0.0,0.0
2010-07-01,0.0,0.0,0.0,0.0
2010-08-01,0.0,0.0,0.0,0.0
2010-09-01,0.0,0.0,0.0,0.0
2010-10-01,1.2055291295488423e-05,0.0,0.0,0.0
2010-11-01,2.0133687452089895,0.8295996076130848,6.417460913791295e-08,0.07747879346355269
2010-12-01,7.431003459930279,3.5844295726666933,2.1082113166094785,3.2380145819711306
2011-01-01,33.485792375517676,5.319322252261664,1.4039515972851184,5.446757791964746
2011-02-01,55.07726954785923,30.103841573974407,19.43774425156805,28.564566103669037
2011-03-01,33.80371825270471,14.578045053486496,8.906317324887597,7.7072190317128815
2011-04-01,15.603427502853847,4.343551420916629,1.4032245150699219,1.6356417791816584
2011-05-01,0.8714946238898303,0.0001581652603980163,0.0,0.0
2011-06-01,0.0,0.0,0.0,0.0
2011-07-01,0.0,0.0,0.0,0.0
2011-08-01,0.0,0.0,0.0,0.0
2011-09-01,0.0,0.0,0.0,0.0
2011-10-01,0.0,0.004213647799637553,0.00681651957758504,1.6907975446538466e-05
2011-11-01,0.0005461659095786123,0.0002399914059250544,3.18421577757008e-05,0.002429342543122408
2011-12-01,3.9586542885053593,2.9332612915565517,1.9164887623787574,0.5217064135198064
2012-01-01,14.889860104281682,6.939504818225031,0.6021503157191833,5.270776990678856
2012-02-01,34.60725609894631,11.676386366837388,1.5028952769437638,8.57570477148209
2012-03-01,42.07625781447963,16.067080512053497,0.7755971775951108,6.4139823523873485
2012-04-01,1.7037161185861427,0.080739202400761,3.536067437646821e-07,2.526356748433461e-06
2012-05-01,0.0,0.00019020048817865385,0.0,0.0
2012-06-01,0.0,0.0,0.0,0.0
2012-07-01,0.0,0.0,0.0,0.0
2012-08-01,0.0,0.0,0.0,0.0
2012-09-01,0.0,0.0,0.0,0.0
2012-10-01,0.0,0.0,0.0,0.0
2012-11-01,1.6233127985501092,0.367599738180483,0.0048217059428818645,0.0023676666339142232
2012-12-01,8.605504831386705,3.784430952185885,0.5901052234890334,2.9200937635160114
2013-01-01,15.265473302119727,13.588354090571812,12.49899534090127,16.527128881407354
2013-02-01,24.77155245851063,13.462060732644236,4.631814041500568,4.51026462126654
2013-03-01,21.084107334805957,16.987441913996108,5.072170318688433,13.815179684600821
2013-04-01,11.145701772309264,2.643914299749372,0.2544523598823313,1.6592181731353173
2013-05-01,2.327667231621523,0.29155085890710175,0.0,0.0
2013-06-01,0.0,0.0,0.0,0.0
2013-07-01,0.0,0.0,0.0,0.0
2013-08-01,0.0,0.0,0.0,0.0
2013-09-01,0.0,0.0,0.0,0.0
2013-10-01,0.0,0.0,0.0,0.0
2013-11-01,0.5779534458494362,0.022363899337607802,0.0,0.0
2013-12-01,12.01271687620889,5.789890788200697,1.7597832224176948,7.3866506685173245
2014-01-01,25.68892835590316,15.445523578546904,3.4738821342179644,10.45385097763712
2014-02-01,30.15996620907092,25.388551729628862,9.471304234102575,13.07220498662171
2014-03-01,27.85849605561188,19.0559817702792,9.986805607016455,13.943658555275904
2014-04-01,28.281144505019025,9.247424471816375,0.9189115184302806,7.685735229527974
2014-05-01,3.978322496815072,0.2811541667041254,0.0,0.0
2014-06-01,0.0,0.0,0.0,0.0
2014-07-01,0.0,0.0,0.0,0.0
2014-08-01,0.0,0.0,0.0,0.0
2014-09-01,0.0,0.0,0.0,0.0
2014-10-01,0.0,0.0,0.0,0.0
2014-11-01,2.910041502259461,1.6279364394542624,0.012718115218433438,0.01841926804211144
2014-12-01,13.90516587831081,2.2727330620528217,0.009145202442426758,0.7311992072750693
2015-01-01,17.913674189939847,6.271403285933993,0.4615546294446043,2.457894735978956
2015-02-01,21.465312144263425,13.039832884587838,8.928393182234728,16.28995252159562
2015-03-01,20.902741984057418,17.900627935481964,20.87535873387228,41.046419585184495
2015-04-01,8.746011561127263,3.4388295062903245,1.0143784341866893,4.42852043860148
2015-05-01,0.0089036268029104,0.0033888878272937697,0.0,0.0
2015-06-01,0.0,0.0,0.0,0.0
2015-07-01,0.0,0.0,0.0,0.0
2015-08-01,0.0,0.0,0.0,0.0
2015-09-01,0.0,0.0,0.0,0.0
2015-10-01,0.0,0.0,0.0,0.0
2015-11-01,0.009349417555529623,0.008246377288389888,0.0,0.0006147043231026943
2015-12-01,3.425628840570298,1.1821664833163457,0.0,0.0
2016-01-01,10.844357437889526,11.266182477995793,1.3161310448712775,3.589974721894769
2016-02-01,17.450621719517045,9.389811890368351,0.704769280665725,3.376302535781555
2016-03-01,16.767766416729152,8.222974980562451,0.31494501732743724,2.312484463208477
2016-05-01,0.0,0.06560431297593228,0.0,0.0
2016-06-01,0.0,0.0,0.0,0.0
2016-07-01,0.0,0.0,0.0,0.0
2016-08-01,0.0,0.0,0.0,0.0
2016-09-01,0.0,0.0,0.0,0.0
2016-10-01,0.0,0.0,0.0,0.0
2016-11-01,0.0,0.0,0.0,0.0
2016-12-01,6.6504453684435925,0.7487542023590139,0.0,0.13893281754560005
2017-01-01,22.143495765637002,11.919675232672724,2.421486322858756,10.925726398650205
2017-02-01,22.376315100385575,14.031749892240107,5.0822198727058705,11.085336363441252
2017-03-01,17.062826549271517,5.187640772713305,0.0010008916436872162,1.577691065005356
2017-04-01,4.508640449232359,1.1219257520429768,2.468532856670397e-05,2.256325451376891
2017-05-01,1.7774802056543084,0.012015135853003822,0.0,8.005377280127443e-05
2017-06-01,2.5821647250687324e-05,0.0,0.0,0.0
2017-07-01,0.0,0.0,0.0,0.0
2017-08-01,0.0,0.0,0.0,0.0
2017-09-01,0.0,0.0,0.0,0.0
2017-10-01,0.0,0.0,0.0,0.0
2017-11-01,6.725304351782278,0.3798272430370201,0.0007792283837248162,0.0010217249989153473
2017-12-01,1.6239510054766322,0.2816290958355606,0.0003200515324663313,0.016783525112606282
2018-01-01,16.793869112327013,13.686590757643591,11.780069774226693,17.730779276427157
2018-02-01,15.630498641504413,7.807581864820726,2.124118249615721,6.825123211495469
2018-03-01,30.658024780217662,6.731167207329632,3.4432603481121356e-05,0.46090053830198147
2018-04-01,14.505184832248736,5.726133141007635,0.020248824510199128,0.7767953266394496
2018-05-01,1.3479237242465245,0.5898413138523009,0.0,0.23832994369646068
2018-06-01,0.0,0.0,0.0,0.0
2018-07-01,0.0,0.0,0.0,0.0
2018-08-01,0.0,0.0,0.0,0.0
2018-09-01,0.0,0.0,0.0,0.0
2018-10-01,2.2510593765842676e-05,0.0,0.0,0.0
2018-11-01,0.04564606860107806,0.0008022752593420006,0.0,0.0
2018-12-01,8.921374502104653,6.526776052798267,2.428421604785258,9.013010629390138
2019-01-01,17.219940836584573,6.207667577465383,0.6466153439488341,2.227918149480301
2019-02-01,24.282373583100767,23.31582177497099,9.723359501035517,17.65060274899489
2019-03-01,30.0773765199661,20.293087959528886,3.052229316607586,11.548257366983337
2019-04-01,8.052657021161824,5.131371105701929,3.5095581147871617,4.778476711653589
2019-05-01,1.5254633045072887,0.11501249011877965,0.0002152487708262842,0.0006720815391894938
2019-06-01,0.0,0.0,0.0,0.0
2019-07-01,0.0,0.0,0.0,0.0
2019-08-01,0.0,0.0,0.0,0.0
2019-09-01,0.0,0.0,0.0,0.0
2019-10-01,0.0,0.0,0.0,0.0
2019-11-01,0.0010804200262836965,2.6239177506319957,0.014926725842278806,0.0
2019-12-01,15.751242697980752,4.308461255985358,0.0005059003039088887,0.27907767691329194
2020-01-01,36.015835033424146,13.480815754514502,3.5766886965429316,3.8626505767903883
2020-02-01,8.446886459643393,7.351517214178305,3.3231248124858235,5.915317777457212
2020-03-01,8.630644492224578,8.087247650910268,6.603678915414195,7.642841349636469
2020-04-01,7.653383944691239,3.795029491280269,1.5073532675727512,2.328554771097165
2020-05-01,2.078377489955819,1.548467326727925,0.07113319105481491,1.073844600031279
2020-06-01,0.8703827213250497,0.18302800661900903,1.1949715120519201e-05,0.0011419409082669462
2020-07-01,0.0,0.0,0.0,0.0
2020-08-01,0.0,0.0,0.0,0.0
2020-09-01,0.0,0.0,0.0,0.0
2020-10-01,0.0029336762830561073,0.0,0.0,0.0
2020-11-01,3.363117485025698,0.9172286074820112,0.0,0.07735565461392008
2020-12-01,4.791028254968134,3.9406392340355385,3.5554161949733825,2.5383145832385012
2021-01-01,8.103708016312256,6.9638310589509675,2.469930018690052,4.408227169177192
2021-02-01,8.113807520091733,8.162937949030539,5.975604674504883,7.774289451174746
2021-03-01,8.76733086154418,8.407710467135486,2.64086064417958,5.701419608744398
2021-04-01,5.578416380800249,2.5986112774750705,1.5059056652655458,2.1991272007586744
2021-05-01,2.055877052916763,1.4225085319811996,0.07085993850295168,1.131298386042396
2021-06-01,0.8703751560726387,0.18131189348170135,0.0,0.0005536727104059328
2021-07-01,0.0,0.0,0.0,0.0
2021-08-01,0.0,0.0,0.0,0.0
2021-09-01,0.0,0.0,0.0,0.0
2021-10-01,0.0,0.0,0.0,0.0
2021-11-01,1.9662238161662962,0.8149677558802517,0.0,0.07696958726518238
2021-12-01,6.03476516136936,5.189271053532821,2.965636446905808,4.907259301271588
2022-01-01,8.263364973748091,5.563264213446517,2.123895249664068,2.992025578069866
2022-02-01,8.321888634544477,8.367390324190085,6.833814590555262,8.603354698640347
2022-03-01,8.463644968463223,6.870729342632504,2.998097934832713,6.758709591444786
2022-04-01,8.290422432059973,4.491470089720767,1.5066896461104182,2.186151198313932
2022-05-01,3.575199444486378,1.41388906041901,0.07091199949472478,1.0800812936109974
2022-06-01,0.724976716001107,0.0,0.0,0.0005491339351126633
2022-07-01,0.0,0.0,0.0,0.0
2022-08-01,0.0,0.0,0.0,0.0
2022-09-01,0.0,0.0,0.0,0.0
2022-10-01,0.0,0.0,0.0,0.0
2022-11-01,1.9607770488880745,0.8152422416202352,0.0,0.07702812310805734
2022-12-01,8.694684143706873,0.7126577613427659,0.043402827747075066,0.0518658169595749
2023-01-01,8.427836185821088,4.98477103698075,2.086867328488323,3.8364099045275313
2023-02-01,8.45854606033815,8.594417573974058,5.48836298188451,7.028478715950796
2023-03-01,8.458808050089731,7.0522238549003955,2.764593523290323,6.66043885185674
2023-04-01,8.45148975962531,4.897225101267523,1.4951584841173198,3.3594067220776895
2023-05-01,4.477726583879554,1.5262638212643913,0.07311864043852564,1.0731886113798927
