year,month,eri_basin,eri_lake,eri_land,ont_basin,ont_lake,ont_land,mih_basin,mih_lake,mih_land,sup_basin,sup_lake,sup_land
1979,1,265.6502106947706,267.7224426269531,265.3639160959344,265.4541676488416,268.185791015625,265.0670096329817,262.60154196265063,265.4331970214844,261.5323079427083,257.08947600441417,262.2553405761719,255.09309302098248
1979,2,263.5142621167133,265.3082275390625,263.26641042608964,260.37901379815463,263.4831237792969,259.9390600009227,260.904402446206,264.28863525390625,259.6264668305715,257.56413549664376,261.8752136230469,255.8980930525943
1979,3,273.98478125423367,272.9557189941406,274.12695171958524,273.81590997103984,274.45562744140625,273.7252437561516,270.7722005285252,271.3538818359375,270.5525206724803,266.8435485664455,268.6036071777344,266.1633657022301
1979,4,277.34749060834764,276.3537292480469,277.484783774928,277.4030029296875,277.062255859375,277.4512980303426,275.10887327717023,274.95819091796875,275.1657876968384,271.7526907208322,272.3412170410156,271.5252849685243
1979,5,284.33761861282966,281.26531982421875,284.76207873695773,284.4266180630388,282.96624755859375,284.63359562430793,281.4223010923101,279.6111755371094,282.1061584154765,278.14452283135773,276.5958251953125,278.74303457556493
1979,6,289.8720641384235,286.7620544433594,290.30173050729854,289.6231411637931,288.9681396484375,289.7159757839413,287.51515523697793,284.73126220703125,288.5663540363312,284.5235158109117,280.71026611328125,285.99717280779225
1979,7,292.99830283457146,291.7095031738281,293.1763582731548,293.1837412867053,293.4426574707031,293.147043062946,291.8807581304828,290.11688232421875,292.54681277275085,289.42079504605,284.2897644042969,291.4036808089906
1979,8,292.7891838647038,292.61700439453125,292.8129684046695,291.6673259866649,293.2012939453125,291.4499201737051,291.1584230361679,290.966796875,291.23077090581256,288.36801787628525,287.3709411621094,288.75335389399436
1979,9,289.3767530849214,289.7652893066406,289.32307293540555,287.9823829387796,290.0845947265625,287.6844280573327,288.19995284486134,288.67205810546875,288.02169553438824,285.03766868854393,285.5685119628906,284.83252548886486
1979,10,282.66548447801887,283.46954345703125,282.55439416985763,281.5556729020744,283.4120178222656,281.29256385142406,280.67901974769984,281.8298645019531,280.2444496154785,277.03349339276895,278.6471252441406,276.4098865767399
1979,11,277.6599098161466,278.8101501464844,277.5009938290245,277.53742381128774,279.3080139160156,277.2864745132566,274.9625047420509,276.486083984375,274.3871959050496,271.02824191389413,273.4085998535156,270.10835150608506
1979,12,272.57260308238125,273.84954833984375,272.39618763170745,271.0128462166622,273.3048400878906,270.6879933274637,270.4856773333198,272.4095764160156,269.7592363357544,266.6502642576722,269.776611328125,265.44207192227185
1980,1,268.28047506519823,270.2049255371094,268.0145942286441,267.4786012846848,270.3638916015625,267.06966754582925,265.7493661689398,268.222412109375,264.8155167897542,260.28880060130155,264.9839172363281,258.47434572014674
1980,2,266.6894691775989,267.97259521484375,266.51219096936677,264.16705595871497,266.5397644042969,263.83076705331877,264.2962589948975,266.8918151855469,263.3161503473918,260.0272885465074,264.3064270019531,258.3735838506326
1980,3,271.5175664824557,271.5950622558594,271.50686243960735,270.56321032293914,271.9640197753906,270.3646732840951,269.3484037864411,270.4906921386719,268.91702485084534,265.81726012832814,268.1416015625,264.91899333817076
1980,4,279.00104147850436,277.2738952636719,279.23966317427784,278.46314023774244,278.0030517578125,278.52835034948635,276.9830589366545,276.33087158203125,277.22932863235474,274.27854542348575,274.47174072265625,274.20387225512013
1980,5,286.61543600269823,283.3731384277344,287.06338400589794,285.3913071204876,284.34075927734375,285.5402031845934,283.9243470392065,280.96185302734375,285.04300451278687,283.132642197883,279.614013671875,284.4924072022457
1980,6,289.5903161550533,287.1039123535156,289.93383126509815,288.02202400996765,287.9380798339844,288.033926655927,287.0384004012398,284.07684326171875,288.1566923459371,285.6344821096837,281.2510986328125,287.32845886959973
1980,7,294.9817335536714,292.9922180175781,295.2566006309108,293.8484010893723,294.26324462890625,293.78960100309115,293.05669375673807,291.0430908203125,293.8170292377472,290.48248475173426,286.2547912597656,292.11630346290616
1980,8,295.42080406233066,294.7620544433594,295.5118155228464,294.041492751549,295.5071105957031,293.8337623415969,293.77324222211354,293.3919982910156,293.9171833197276,290.6697805996599,290.041259765625,290.91267571316297
1980,9,290.32157765647577,290.6604309082031,290.2747634084601,288.31591439082706,290.540283203125,288.000644473579,287.5850755659078,288.4561767578125,287.25619117418927,283.5707667559043,284.47003173828125,283.2232544431648
1980,10,280.8404883235865,281.8210754394531,280.7050100627698,279.8066023201778,282.2325134277344,279.4627728800135,278.8913103475012,280.1649475097656,278.4103548526764,275.94677076668575,277.6990966796875,275.26955374303566
1980,11,275.60307426673137,276.77484130859375,275.4411884107088,273.9829013166756,276.5809326171875,273.61466991995263,274.1046490443902,275.6868591308594,273.50716638565063,271.24850507714285,273.559326171875,270.3554963495627
1980,12,268.9787708789627,270.4010925292969,268.7822643079256,266.13584868332435,268.8626403808594,265.74937258742926,265.77564964943434,268.2929382324219,264.8251078923543,261.53356911670204,265.28997802734375,260.081901337521
1981,1,265.53200447214823,267.1629333496094,265.30667977584034,262.13610524144667,264.96728515625,261.734832523376,263.92184627078655,266.62054443359375,262.90280771255493,261.2085585320133,264.8966979980469,259.7832561356138
1981,2,270.36574064927294,270.53558349609375,270.3422733106111,270.5952632509429,271.8572082519531,270.4164061058225,268.22877291875886,269.3848876953125,267.792209148407,264.25000903250157,266.3630676269531,263.43340991502737
1981,3,273.4844432676459,273.17510986328125,273.52717951724406,272.30669050545526,273.6253662109375,272.11978750153787,271.82711163180085,272.4112548828125,271.6065247853597,269.0527475291285,270.4178161621094,268.5252249060399
1981,4,281.2817049412369,278.74224853515625,281.6325528998124,279.48339359678073,279.135986328125,279.5326288178211,278.1712195931851,277.43475341796875,278.449303150177,274.6898238083412,274.6780090332031,274.69438834019394
1981,5,285.1884225834312,282.9291687011719,285.5005585519891,284.8009889799973,284.10589599609375,284.8995068167138,282.96028653525224,280.68231201171875,283.8204629421234,281.1680388176578,278.47259521484375,282.2097073133248
1981,6,291.9715154570651,289.60107421875,292.2990104273746,290.68016210095635,290.5639953613281,290.6966353288786,289.19028673370303,286.4419860839844,290.2280333042145,286.0464200425422,281.6278381347656,287.7539877112643
1981,7,294.13811162165825,293.52691650390625,294.2225480330618,293.59072349811424,294.7288818359375,293.42940226877766,292.9184481471157,291.62139892578125,293.4082321325938,290.46978382680607,285.73187255859375,292.30079182780594
1981,8,293.42677827515354,293.6268005371094,293.39914261667354,292.3688773319639,294.398681640625,292.08118925319883,292.5720725393025,292.5399169921875,292.58419942855835,290.83596608830595,289.74493408203125,291.2576259901799
1981,9,288.2654782333815,289.1059265136719,288.14936346756787,286.8906260523303,289.09112548828125,286.57874496339815,286.7700026860084,287.82275390625,286.37248786290485,284.1204311327003,285.03692626953125,283.76624495669665
1981,10,281.15243689035407,281.83892822265625,281.0575936969958,279.6747642780172,281.7659912109375,279.3783737543061,279.40336173333384,280.4838562011719,278.9953376452128,277.01144251330146,278.2933654785156,276.51604957124624
1981,11,276.87553273460077,278.6068420410156,276.63634270115904,275.5504413473195,278.00543212890625,275.2024865338183,275.6337929276753,277.19781494140625,275.04320883750916,273.7005664343121,275.44561767578125,273.0261901612301
1981,12,270.4032082971121,272.6650085449219,270.09072193346526,269.73798659752157,272.62109375,269.32935964028667,269.0203793963773,271.48187255859375,268.09094977378845,264.6145221227887,268.6860046386719,263.041093560329
1982,1,264.0969737499436,266.41357421875,263.77691610235917,261.4994458428745,264.9465026855469,261.0108825203002,260.9168428878928,264.6694030761719,259.49987443288165,254.87379288947446,260.7160339355469,252.61600436632378
1982,2,266.79682155013774,268.4313659667969,266.57100075169615,265.38786536907327,268.216064453125,264.9870211383489,264.5908637524553,267.2397766113281,263.5906086762746,260.1823763354071,264.2667236328125,258.6039369742709
1982,3,272.5570435275921,272.2662048339844,272.59722659462375,270.55928828798494,272.3370361328125,270.3073177788201,269.39954161328495,270.7195129394531,268.9011122385661,265.90218712817665,268.2084045410156,265.0109271167284
1982,4,277.3737683599395,276.56488037109375,277.48552583393297,276.41491488752695,276.600830078125,276.3885627806656,274.62426203996336,274.527099609375,274.66095821062726,271.743457136483,272.6098327636719,271.4086386388042
1982,5,289.2181987431697,286.3418273925781,289.6155941611842,286.1524203596444,282.8992004394531,286.6135049654743,285.2056224224473,281.5765075683594,286.5759831269582,282.95671125390066,279.5108642578125,284.2883866146741
1982,6,289.5801121706218,289.0664367675781,289.65107847514906,287.85400832603716,285.8022155761719,288.14481407826344,286.2543589947129,283.2300109863281,287.39638352394104,284.15969226004063,280.6241455078125,285.5259965995393
1982,7,294.5599366998397,294.75128173828125,294.53350569072524,293.06743921740303,293.146484375,293.0562318816898,292.2658642947336,290.1784362792969,293.0540865262349,289.3677169098251,284.3717041015625,291.2984343144998
1982,8,292.17567717271044,293.4781494140625,291.99572673596833,290.3506715971848,292.052734375,290.109434353085,290.29951947217626,290.45318603515625,290.2414746284485,287.26779972821817,284.6289367675781,288.2875918202191
1982,9,288.93813804670566,290.1655578613281,288.7685641238564,287.66642982219827,289.0458068847656,287.4709244375154,287.05882323757237,287.4854431152344,286.8977129459381,284.0136999371408,283.5210876464844,284.2040761514489
1982,10,284.4506710691948,285.87066650390625,284.2544896979081,282.41183955751615,284.59893798828125,282.10185638187437,282.693923056013,283.75714111328125,282.29240894317627,279.3422787545741,280.0112609863281,279.0837074067013
1982,11,278.3345007041975,279.8287353515625,278.1280638042249,277.3326931657462,279.16888427734375,277.0724477692852,275.44974908666484,276.8273620605469,274.92955803871155,270.7728755556304,273.1904296875,269.8385982437438
1982,12,275.53466108906474,276.3804626464844,275.41780451724406,273.6915590483567,275.3409423828125,273.4577814537709,272.4473571200452,274.00518798828125,271.8590579032898,267.1096124758666,270.1075744628906,265.95105102052725
1983,1,269.86023584266616,271.9073791503906,269.5774040222168,268.0260117103314,270.9707336425781,267.6086509884812,267.4689671420871,269.9446105957031,266.53417499860126,262.9673095790819,266.9482421875,261.4288601818313
1983,2,271.21038571396315,271.84228515625,271.12308502197266,268.70264618972254,271.1073303222656,268.3618212121678,268.69799995061805,270.6988220214844,267.94249137242633,264.70615816664423,268.15673828125,263.372672761104
1983,3,275.0862671956851,274.957275390625,275.1040890342311,273.1795241783405,274.5240173339844,272.9889699380229,271.74496915705487,272.87762451171875,271.3172749678294,267.6523734783304,269.80535888671875,266.8203458140096
1983,4,278.4958139761335,278.153564453125,278.54310045744245,277.3316195783944,277.8290710449219,277.2611134446512,275.8200681863074,275.9017028808594,275.7892417907715,273.20446365181056,273.82440185546875,272.9648815626167
1983,5,283.99325685004965,283.1231689453125,284.1134679693925,282.7643323174838,281.95458984375,282.87909632404956,281.1866294702195,279.7836608886719,281.71644894282025,279.503063508834,277.9129638671875,280.1175489691624
1983,6,292.14270478176934,291.5083923339844,292.2303410580284,290.6689253182247,290.0321350097656,290.7591778612512,289.53284268298086,287.28717041015625,290.3808199564616,286.75718943277997,282.2336120605469,288.50534154884366
1983,7,296.0077001318077,295.7180480957031,296.0477154380397,294.4947551858836,294.9771728515625,294.4263810285433,294.70303240886034,293.6376953125,295.105295976003,291.6538368312792,286.8370666503906,293.5152980606869
1983,8,295.7545164251603,295.8455505371094,295.74193673384815,293.5521393874596,295.1221618652344,293.32961747777745,294.4597371034676,294.3251037597656,294.51060422261554,292.6031651990167,291.0377502441406,293.2081454455615
1983,9,290.97817869682535,292.38800048828125,290.78340068616365,289.62182175208784,291.9987487792969,289.28493349570925,289.3722448222804,290.36767578125,288.99634130795795,286.5028454133834,287.011474609375,286.3062722255509
1983,10,283.9051511907853,285.50274658203125,283.68442655864516,282.1294915561018,284.4620056152344,281.7989014152467,281.96162492431176,283.40167236328125,281.41783769925433,278.8436334544215,280.4349365234375,278.22864730044665
1983,11,277.87681429647984,279.35589599609375,277.6724682858116,276.058082738416,278.14404296875,275.7624329093873,275.5235858765802,277.0918884277344,274.9314244588216,272.1903758432673,274.5571594238281,271.27570297423586
1983,12,266.8325361130555,269.653564453125,266.44278476112765,266.9632745150862,270.15521240234375,266.5108712263933,264.05357081047305,267.17120361328125,262.8763629595439,258.56401474174413,263.6482849121094,256.59920000175083
1984,1,265.2548879281634,267.1725769042969,264.9899416471782,263.8431897393588,267.1954345703125,263.3680621770423,263.04765544812034,266.2576904296875,261.8355250755946,259.14730940193965,263.66766357421875,257.4004190756505
1984,2,272.3617640148008,272.0734558105469,272.4015948646947,270.7663940429687,272.2227783203125,270.5599696842704,269.9683039472324,271.0599365234375,269.55605840682983,266.97112282939344,269.002685546875,266.18600634084754
1984,3,269.56475424353096,270.23114013671875,269.472683755975,267.41029157967404,269.51123046875,267.11252167468933,267.6032017958412,269.2643127441406,266.9759582678477,263.95245782260236,266.49755859375,262.9688856877179
1984,4,279.48306486096686,277.5344543457031,279.75228359824735,278.476953125,278.12884521484375,278.52628813015195,277.79167582001713,276.9364318847656,278.11460010210675,275.7940389698949,275.24530029296875,276.00609804434606
1984,5,283.89460075246114,282.4822692871094,284.0897212781404,282.37974558863147,281.2476806640625,282.5401897280235,281.6862708742542,279.7420654296875,282.42039163907367,280.1029474543429,278.0564270019531,280.89383080471083
1984,6,292.6879997473921,291.2886047363281,292.88133781834654,290.3791263974946,288.69720458984375,290.6175073338306,289.07188574172596,285.4416809082031,290.4426627953847,286.58500004910877,282.2210388183594,288.27146540789965
1984,7,293.6160915132203,293.8782653808594,293.57987253289474,292.447524708715,292.8169250488281,292.39517356091596,291.73623899521135,290.36236572265625,292.255004008611,289.0442622393027,284.52337646484375,290.7913885230562
1984,8,295.0350514671017,295.4997253417969,294.97084888659026,293.3764286435884,294.8618469238281,293.16589475616695,293.4994806819692,293.3179626464844,293.5680499076843,290.89881870664397,288.7839050292969,291.7161460359733
1984,9,288.93259549003113,290.1419677734375,288.76551015753495,286.81718813139815,288.96832275390625,286.5123065137488,287.0141718094651,288.01141357421875,286.6376160780589,283.46728296389523,284.4584045410156,283.084254291428
1984,10,285.93255721075684,286.93402099609375,285.79419387014286,283.87474680933457,285.684814453125,283.61820275013844,283.3270295400926,284.2283630371094,282.98670840263367,280.394311576054,281.0360107421875,280.1463118473372
1984,11,276.6248802229159,278.7545471191406,276.33065314041943,275.6000852387527,278.1253356933594,275.2421726016548,275.16258802215634,276.8016357421875,274.54369982083637,271.79321148751796,273.9047546386719,270.9771721220586
1984,12,274.2955246412685,275.39825439453125,274.1431742216411,272.7983537345097,274.83953857421875,272.50905434916336,270.27304602120006,272.17462158203125,269.5550413926442,263.84228796246407,267.5589294433594,262.4059780166444
1985,1,265.72521408169257,268.0475158691406,265.4043733697188,264.2424270103718,267.6888122558594,263.7539636807179,263.4697615221453,266.7030334472656,262.24887045224506,258.92852770048995,263.630859375,257.1112777284417
1985,2,267.622935741623,269.1456298828125,267.4125639262952,266.900338008486,269.1430969238281,266.58246330201155,265.1660309703228,267.53143310546875,264.272874434789,260.2654012482742,264.37225341796875,258.6783087984974
1985,3,274.50091640935466,273.7107849121094,274.6100849352385,272.21240781586744,273.5927734375,272.01676183985916,271.5440315578295,272.3641662597656,271.23435831069946,269.05497890779344,270.31610107421875,268.56762014442234
1985,4,282.58053447745436,280.22747802734375,282.9056259958368,279.5837528623384,278.464111328125,279.74244365541955,278.88454727144006,277.49835205078125,279.4079785346985,275.63991160776425,275.10662841796875,275.84599334595214
1985,5,287.98382056793037,286.04254150390625,288.2520266081157,285.66426286368534,283.56787109375,285.96138829509107,284.70506704867677,281.5754699707031,285.8867875734965,282.37613230738145,279.41021728515625,283.522294489036
1985,6,289.92869964776014,289.267333984375,290.02006912231445,287.68496325262663,287.1348876953125,287.76292479507566,287.2651092010094,284.7840270996094,288.20197860399884,284.69172738612383,281.3926696777344,285.9666800327985
1985,7,294.47246555923726,294.3282775878906,294.4923832542018,292.6026611328125,292.8658447265625,292.5653518316314,292.2305548222619,290.98309326171875,292.7015917301178,288.4567969311243,284.63818359375,289.9325329298042
1985,8,293.2578038562929,294.0599670410156,293.1469782779091,291.89856630522627,293.3608703613281,291.6913173405204,291.5959785331625,291.8121643066406,291.51435764630634,288.4566597774111,287.2509765625,288.92260632761923
1985,9,291.04357028145324,292.245849609375,290.87746308979234,289.3218979408001,291.1007080078125,289.06978336844855,288.8323901344112,289.5210876464844,288.57230790456134,284.49499283713857,284.8818664550781,284.3454980128315
1985,10,284.3413840938855,285.96002197265625,284.11775709453383,282.7596946979391,285.0357666015625,282.4371001476378,282.05980545361234,283.27606201171875,281.60056614875793,278.712707870308,279.8152160644531,278.28664066877025
1985,11,278.4088681612401,279.7879333496094,278.21833720960115,276.19597609947465,278.10888671875,275.92485851377955,274.4549637850381,276.1313171386719,273.82198746999103,268.7626234032642,271.9106750488281,267.54604676995143
1985,12,267.7376857162211,270.2998352050781,267.38370513916016,267.6312739931304,270.6429443359375,267.2044185127799,264.9223322444692,268.0135498046875,263.75509150822955,259.69018782692393,264.3353271484375,257.89504773873256
1986,1,268.42218282181403,269.5346984863281,268.26848421598737,266.4435138570851,269.19158935546875,266.05401563268947,265.6829989745171,268.3668518066406,264.6695793469747,261.24111241307753,265.3036193847656,259.67112294231276
1986,2,268.65279339917134,269.47314453125,268.5394576223273,266.3674535290948,268.6033935546875,266.05054960476133,266.1035477001861,268.1712646484375,265.3227371374766,262.6314506092291,266.2012634277344,261.25187591917484
1986,3,274.24073059434835,273.5215148925781,274.3401003385845,272.47869536301187,273.1172790527344,272.388187919076,271.38564151987464,271.9772033691406,271.16225870450336,267.84392731765223,269.4651794433594,267.2173928796533
1986,4,281.1849823880058,279.30462646484375,281.44476378591435,279.63405340786636,278.66729736328125,279.7710765928734,279.0544543203199,277.76641845703125,279.54083347320557,276.0598724189846,275.5135803222656,276.27100144344496
1986,5,287.457719042122,285.5138854980469,287.7262794093082,285.940215643521,283.547119140625,286.27939419483573,284.8413401497334,281.6266784667969,286.05523324012756,283.58261932723826,280.1174011230469,284.9217507411759
1986,6,291.0491548218479,290.1405029296875,291.17469586824114,288.7628563190329,287.49798583984375,288.94212713767223,287.879742050892,285.1190185546875,288.92220425605774,285.82555406943135,281.9825744628906,287.3106756324312
1986,7,294.9700530829457,294.7682189941406,294.9979414688913,292.8314175309806,292.855712890625,292.8279760165477,292.9731523192898,291.2522277832031,293.622971534729,290.0875612456223,285.38580322265625,291.9045633870767
1986,8,292.2621057763954,293.7841491699219,292.05181603682666,290.98076571760504,292.96380615234375,290.6997043879952,290.8878330165813,291.4966735839844,290.657945950826,288.3257483120622,287.59967041015625,288.6063446409674
1986,9,290.3942886969947,291.0076904296875,290.30954120033664,287.4740278572872,288.92401123046875,287.2685121551273,287.56982606480386,288.0352783203125,287.39407896995544,283.5394242385338,284.0627136230469,283.33722398005636
1986,10,283.4942492887464,285.110595703125,283.27093807019685,281.41126708984376,283.5781555175781,281.1041488046721,281.3103917487853,282.5682678222656,280.835409005483,277.9958319828428,279.1703796386719,277.5419180212743
1986,11,275.5399268707099,277.6861877441406,275.2433999714099,274.3027975148168,276.8818054199219,273.9372695562408,273.2089926822424,275.1643371582031,272.4706208705902,269.30634746332277,272.1738586425781,268.1982116699219
1986,12,271.8816050270389,273.77532958984375,271.61997383519224,271.1542606748384,273.73394775390625,270.7886393389364,270.1324851715722,272.2263488769531,269.34182953834534,267.37428415232694,270.3480224609375,266.2251023980251
1987,1,269.09328218140354,270.92498779296875,268.84021658646435,267.281095938847,270.62408447265625,266.8072906253845,267.5242533981237,269.96136474609375,266.60400406519574,263.97529049577383,267.4994812011719,262.61334447366784
1987,2,269.76497830958726,270.0452880859375,269.7262531079744,264.9950047986261,268.1255187988281,264.5513048547459,268.32101965401256,270.5690612792969,267.4721459547679,266.4415309511382,269.2872314453125,265.3418181521959
1987,3,275.4486856625948,274.67803955078125,275.55515208997224,273.6879874393858,274.575439453125,273.56220539723796,273.0634224500458,273.5829162597656,272.8672381242116,269.89124166554416,271.4501953125,269.2887721574639
1987,4,281.1218369324083,279.65179443359375,281.3249367161801,280.4700037462958,279.7676086425781,280.5695601335661,279.9756099362004,278.5274658203125,280.5224202473958,278.63874623967314,277.17633056640625,279.2038903711327
1987,5,288.7170344887441,286.543212890625,289.0173649035002,286.158894295528,284.5356140136719,286.3889650359867,285.7325633865674,282.9396057128906,286.7872123718262,283.1756800509047,279.92889404296875,284.43041870603525
1987,6,293.88044941632046,292.95172119140625,294.0087579426013,291.5801183240167,291.1780090332031,291.6371140367403,291.41384426181844,289.3176574707031,292.2053877512614,288.3436982604279,283.7650146484375,290.1131310937889
1987,7,296.6245044862604,296.1718444824219,296.68703781931026,295.08441540948274,295.5149841308594,295.0233928049643,295.10753321512436,293.7757568359375,295.6104334195455,291.4467833946491,288.69219970703125,292.51133794898533
1987,8,294.48700692061055,294.738037109375,294.4523148787649,292.586275508486,294.22235107421875,292.35438886026697,292.63840673551215,292.8768310546875,292.5483832359314,289.9059573644879,289.6773681640625,289.99430233168886
1987,9,290.00924612056315,291.150634765625,289.85155286287005,288.42285745554955,290.2332458496094,288.166268656573,288.50451527471125,289.46563720703125,288.1416163444519,286.2118491687994,287.0095520019531,285.90358402814525
1987,10,280.59951623464593,282.74432373046875,280.3031945479544,280.0093613197064,282.71429443359375,279.6259840116726,279.31965334338815,281.0699768066406,278.6587209701538,276.2577800531497,278.297607421875,275.46946187418297
1987,11,278.8503772537143,279.7303161621094,278.72880594353927,276.504161545326,278.7473449707031,276.186233160064,276.37797122371217,277.7789001464844,275.8489503065745,272.7195871287379,274.7145690917969,271.9486053588381
1987,12,273.1078171922981,274.711181640625,272.8863039518657,271.67813931169184,274.18255615234375,271.323182834415,271.1049171837156,273.0450744628906,270.37230412165326,268.0342690478796,271.0439453125,266.87118542431836
1988,1,267.88649877647447,269.454345703125,267.66988975123354,266.9213620942214,269.95782470703125,266.4910057248093,265.13990550050215,267.96014404296875,264.074986855189,259.41907251292264,264.0850830078125,257.6158776150282
1988,2,268.0093272655686,268.9963073730469,267.87296857331927,266.78698477909484,269.4664306640625,266.40722512072466,264.4584245591623,266.833740234375,263.56147559483844,258.3420184343711,262.8909606933594,256.5840539818266
1988,3,273.9282829857975,273.3902893066406,274.00261648077714,271.5138743433459,272.8289489746094,271.32748725470594,270.63620993140063,271.59832763671875,270.2728958129883,266.4255197459254,268.665283203125,265.55994758757936
1988,4,280.0387924282537,278.84295654296875,280.2040053919742,278.2729180697737,278.23876953125,278.2777548962691,277.7243501774981,276.7785949707031,278.0815043449402,275.05848360609735,274.8028869628906,275.1572463806882
1988,5,287.933731520107,285.6629333496094,288.2474584077534,286.07787412446123,283.7974853515625,286.40107715035987,285.54678310113053,282.05859375,286.8639280796051,284.40447024641367,280.3344421386719,285.97735024258435
1988,6,292.98812478126126,291.1300354003906,293.2448310852051,289.8963418894801,289.1069641113281,290.00822677011564,290.4305263584187,287.29791259765625,291.61342040697735,288.6822525550579,283.3971252441406,290.7247355791677
1988,7,297.68198566767524,296.4837646484375,297.8475315696315,295.5964187095905,295.5058288574219,295.60925437146284,295.3599261047709,293.446044921875,296.0825921694438,292.17923315640155,287.69049072265625,293.91392365109874
1988,8,296.8087662713376,296.88861083984375,296.79773129914935,294.5449347134294,295.8419189453125,294.3611133004737,294.81251465305263,294.61370849609375,294.8875669638316,290.6273710755096,289.13818359375,291.20289763796376
1988,9,290.2848182634122,291.225341796875,290.1548779136256,288.1734433930496,290.14990234375,287.89331222894623,288.4490894108504,288.970947265625,288.252029021581,285.198292962436,285.6511535644531,285.0233140922638
1988,10,280.3831268486949,282.47283935546875,280.09441496196547,279.5856929384429,282.1846008300781,279.2173425869679,279.12486437272935,280.7819519042969,278.4991494814555,276.7929991798839,278.412109375,276.16726587303134
1988,11,277.93149826843614,279.3025207519531,277.74207827919406,276.8954892914871,278.9133605957031,276.60949346587415,276.0664300179436,277.43231201171875,275.5506956577301,272.299562388453,274.3944396972656,271.48999716466165
1988,12,270.9211790933774,272.5679931640625,270.6936573229338,269.5790546285695,272.30352783203125,269.19290954109255,268.4992748469621,270.6869812011719,267.6731746196747,263.32555591100936,267.0793151855469,261.8748921550128
1989,1,271.86902067151374,272.60406494140625,271.76747231734424,269.41149923390356,271.97265625,269.04850540761873,268.7684841913176,270.8928527832031,267.9663253625234,263.5191120279246,267.447509765625,262.00098112189914
1989,2,267.80397183633266,268.80157470703125,267.66614773398953,265.95290422110725,268.579345703125,265.58065099040357,264.1722007131306,266.8164978027344,263.17367537816364,258.7828199452367,263.06964111328125,257.12616106618447
1989,3,273.67993375745124,272.8469543457031,273.79501483314914,270.6516260607489,272.0444030761719,270.45422699695496,269.168180526993,270.2109680175781,268.77443321545917,264.2686500987787,266.8425598144531,263.27394839586964
1989,4,278.61764544007406,277.7610168457031,278.73600046258224,276.86420140759697,277.1273498535156,276.826904296875,276.5202159629202,275.7145080566406,276.8244709968567,273.3300113897214,273.05718994140625,273.4354561733535
1989,5,285.6322884091063,284.009521484375,285.85648948267885,284.90230039399245,282.77056884765625,285.20443533349226,283.7120998793604,280.7833251953125,284.81801239649457,282.46587713833514,279.04290771484375,283.7886812126494
1989,6,291.71983734307264,290.6649169921875,291.8655785008481,290.6905848009833,289.2848815917969,290.8898192878783,288.36563762239336,285.1024475097656,289.59782377878827,285.6757763391254,281.2751770019531,287.37641596699143
1989,7,295.30592019847364,295.3090515136719,295.3054841694079,294.0714723784348,294.7124938964844,293.9806225393701,293.6465274688201,292.21710205078125,294.1863079071045,290.68234621245284,284.7196350097656,292.98666612845494
1989,8,293.8918222416343,294.456298828125,293.81383654945773,292.34275933627424,293.7802734375,292.13901645930736,292.4535330355956,292.3483581542969,292.49326554934186,289.373589614342,287.0209655761719,290.2827798911775
1989,9,289.1079932416795,290.46466064453125,288.9205591302169,288.21061611833244,290.0838623046875,287.9451195423997,287.8243696649043,288.9504699707031,287.399121205012,285.7495199620039,285.7349548339844,285.75515163467225
1989,10,283.9253711149183,285.0469665527344,283.770415657445,282.32140081997574,283.8624267578125,282.10299009788696,282.15222081434973,282.6860656738281,281.9506626923879,278.88621433301904,279.4690246582031,278.66100162338927
1989,11,275.9108062920543,277.6029357910156,275.6770218297055,274.7164302431304,276.8655700683594,274.41182654673656,272.95706055610526,274.58282470703125,272.34314544995624,268.50014881704044,271.2562561035156,267.4350662535405
1989,12,264.90974981936415,267.5445556640625,264.545731594688,262.11647370437095,265.7664794921875,261.5991505299966,262.2350892209376,265.7393493652344,260.9118455648422,257.8835366786211,262.97357177734375,255.91647958945467
1990,1,273.0034167339347,273.0434875488281,272.99788384688526,271.56287462957977,273.4783935546875,271.29138303741695,270.1002148229819,271.8570251464844,269.43683735529584,264.8995536278034,268.4318542480469,263.5344722793397
1990,2,272.05375944810106,272.173583984375,272.0372057462993,269.21593838395745,270.904541015625,268.9766115203617,267.7277717229775,269.5292663574219,267.04750871658325,262.56897630362675,266.0167541503906,261.2365763994802
1990,3,275.940079176357,274.4292907714844,276.14879949469315,273.26263848666486,273.9208679199219,273.1693398783526,272.53708070347574,272.8872985839844,272.40485310554504,268.84375324468505,270.11968994140625,268.35065280868713
1990,4,281.0714792240562,279.4537353515625,281.2949845163446,279.653046075229,278.78521728515625,279.77604398952695,278.8359335194463,277.3345642089844,279.40285054842633,275.9423732538333,275.1805419921875,276.2367986549894
1990,5,285.0888142668443,284.0520935058594,285.23204562538547,283.15741682381463,281.75823974609375,283.3557289904497,282.5096315553373,280.29583740234375,283.345566590627,280.48714648718123,278.1590270996094,281.38687741708947
1990,6,291.75359631135973,290.74359130859375,291.8931352715743,290.3567191288389,289.1133117675781,290.53295345756953,288.80271170315086,285.7214050292969,289.96618723869324,286.3218025119825,282.03387451171875,287.97888937414405
1990,7,294.057787239207,293.91497802734375,294.0775206716437,293.3210979593211,293.8767395019531,293.24234825795094,292.03272736230286,290.4761047363281,292.62055802345276,288.8706554544383,284.20794677734375,290.672586509431
1990,8,293.46369254933614,294.27716064453125,293.35130530909487,292.69925242456895,294.4825439453125,292.44650364673043,292.13199994784895,291.9897766113281,292.18568269411725,289.7174990423795,287.53729248046875,290.56004059932144
1990,9,289.4783014727466,290.87359619140625,289.28553169652037,287.562642906452,289.56402587890625,287.27898473063794,287.80076382786655,288.7124938964844,287.45647525787354,284.42955727412783,284.4475402832031,284.42259198070997
1990,10,283.4158079996274,285.14501953125,283.17690638491985,282.46270099508354,284.02001953125,282.24198084553393,280.9562896555448,282.173583984375,280.4966742992401,277.65712510032216,279.08917236328125,277.1036911922622
1990,11,278.92782381090814,280.1513366699219,278.75878424393505,276.95375176791487,278.8245544433594,276.6885967104454,276.77329477695974,277.98614501953125,276.3153164386749,273.214245149459,274.997314453125,272.5251800415525
1990,12,273.12594145846504,274.81610107421875,272.8924333672774,272.15330200195314,274.1608581542969,271.86875807394193,269.7230885150527,271.7632141113281,268.95271309216815,264.0208479782631,267.8947448730469,262.5237393930139
1991,1,268.7304669859781,270.3165283203125,268.51134250038547,266.8126168086611,269.6814880371094,266.406003696712,264.9869743015455,267.7551574707031,263.94169584910077,259.0215921073124,263.8147277832031,257.1692611268792
1991,2,271.7528067351766,271.9381408691406,271.7272009598581,269.97312622070314,271.941162109375,269.6941895973025,268.933467122242,270.5157165527344,268.335995276769,264.93438299771014,267.5644226074219,263.91799647114664
1991,3,275.54401463855896,274.9302978515625,275.62880566245633,273.09172826306576,274.088623046875,272.95044017401267,272.4741559380169,272.98309326171875,272.28198289871216,268.51364933759317,269.9253234863281,267.9680825039685
1991,4,282.14149342796014,280.2667236328125,282.4005120929919,280.4145221578664,279.5548400878906,280.53636445773867,279.51155254746203,278.0467529296875,280.0646752516429,277.5537823205707,276.358642578125,278.0156343619662
1991,5,290.3964633831399,287.90484619140625,290.740700370387,287.71690800107757,285.6014404296875,288.0167457400344,286.5846464737602,282.7813415527344,288.020778576533,284.0323759057056,279.9043884277344,285.6276398312998
1991,6,293.8604701047688,293.2099609375,293.9503422787315,291.5585055647225,291.6389465332031,291.54710496316744,291.42966655882634,289.0939636230469,292.31159949302673,288.63654985099004,282.9253845214844,290.8436342520543
1991,7,295.7691722715521,295.7625427246094,295.77008598729185,293.9361307078394,294.9860534667969,293.7873229980469,293.09033745403326,292.4985046386719,293.31383721033734,289.263975998451,285.31365966796875,290.7905916616736
1991,8,294.82284739940843,295.07855224609375,294.7875157406456,293.43519897460936,294.7293395996094,293.25178131343813,293.2144418294578,293.2308044433594,293.20827492078143,291.41069574465695,290.1423034667969,291.9008860797046
1991,9,289.4346616888322,290.792724609375,289.2470307601126,287.48265191439924,289.92822265625,287.1360327052319,287.16459537498895,288.38446044921875,286.7039581139882,283.76449418341974,284.7406311035156,283.3872706196698
1991,10,284.73659413949605,285.84417724609375,284.58357459620424,283.0459131701239,285.0476379394531,282.762204868587,281.735219281202,282.50543212890625,281.44438711802167,277.1468146313196,278.28778076171875,276.7058762022224
1991,11,276.037932996805,277.586669921875,275.82396396837737,275.63996939823545,277.7060852050781,275.3471348079171,273.92653115169765,275.3721618652344,273.38065497080487,269.81595971118446,272.4328308105469,268.8046470125358
1991,12,272.9303652371974,274.49920654296875,272.71361521670696,270.78166146113955,273.0887145996094,270.4546765905666,270.1005240946952,272.0666809082031,269.3580952485402,265.36635265131105,268.91510009765625,263.9949108594917
1992,1,270.3016149267296,271.814453125,270.09260920474406,268.14211699387124,270.6967468261719,267.78004179226133,267.5562954706145,269.8835754394531,266.67750811576843,263.4038850630837,267.0376892089844,261.99956545886766
1992,2,271.53401228182577,271.23443603515625,271.5754053216231,267.82468724744075,270.2568664550781,267.47997061661846,268.1509510754187,270.12213134765625,267.40661636988324,264.11018178654814,267.4768981933594,262.80910464586964
1992,3,273.70005524916456,273.22021484375,273.76635320563065,269.84433867355875,271.51434326171875,269.60764486958664,270.0751399885729,271.2473449707031,269.63252512613934,266.25867716471356,268.6221618652344,265.34530749074014
1992,4,279.2983382561303,277.915771484375,279.4893515737433,277.34143697804416,277.18865966796875,277.36309117595044,276.4659619971349,275.7917175292969,276.72052065531415,273.5390218098958,273.9019470214844,273.3987860812609
1992,5,285.809841971866,284.3264465332031,286.0147839596397,284.2660625589305,282.1390075683594,284.5675341989112,283.70964664682776,281.0719299316406,284.7056791782379,282.5701799940789,279.62646484375,283.7077881102543
1992,6,290.0013313072954,289.343505859375,290.0922195033023,288.5810264850485,288.0430908203125,288.65726332777126,287.56390271249927,285.450927734375,288.3617328008016,285.0055969939835,281.1805114746094,286.48379784086313
1992,7,292.5754652078441,292.37451171875,292.603226511102,290.50034684806036,291.136962890625,290.4101170817698,289.5088021579447,288.54412841796875,289.8730618953705,286.1979782279881,283.1108093261719,287.39099461528883
1992,8,291.19711480113125,292.2943115234375,291.04552519948857,290.38839826912715,291.8122863769531,290.18658687561515,289.91276080126124,290.21673583984375,289.7979956467946,287.7601444639009,287.1055908203125,288.0130988497183
1992,9,288.6977819541975,290.42486572265625,288.45917330290143,287.5889033876616,289.46612548828125,287.32284089336247,286.98052868906177,287.7082824707031,286.7057246367137,284.15844165319686,284.27191162109375,284.1145732013353
1992,10,281.95666786149746,283.95794677734375,281.6801797967208,279.9000071558459,282.405029296875,279.5449689729946,280.4089048562293,281.86669921875,279.85843356450397,277.7644755045573,278.9529113769531,277.3051879396477
1992,11,276.9366821994671,278.5919494628906,276.7079987776907,275.5388299350081,277.60504150390625,275.2459803303396,274.36947429923794,275.99749755859375,273.75473340352374,270.60419990276466,273.1658935546875,269.6142603657635
1992,12,272.3899492032266,274.0869140625,272.1554997092799,271.00789542362605,273.5067443847656,270.65372473048416,270.2380810685329,272.32989501953125,269.4482039610545,265.4538556679912,269.055908203125,264.06184624295787
1993,1,270.65426900345466,271.9628601074219,270.47347861842104,268.9490989948141,271.2336120605469,268.6253092608114,267.18541828580976,269.6221618652344,266.26527468363446,261.95644422509207,266.32525634765625,260.26809619432424
1993,2,267.55439731840454,268.6907653808594,267.39740010311726,263.01397178912987,266.4879455566406,262.5215961125892,264.5115232125122,267.09869384765625,263.5346002181371,261.35563721053904,265.0499267578125,259.9279478764629
1993,3,272.5270373394035,271.8966064453125,272.614135942961,269.6673318797144,271.5360107421875,269.4024811992495,270.5504726705569,271.4288330078125,270.21878329912823,267.9702526399459,269.30987548828125,267.4525575675812
1993,4,279.78390608770997,278.5796813964844,279.9502824482165,278.8164628653691,278.2312927246094,278.8994006059301,276.9484220046853,276.2586669921875,277.2088995774587,274.22200020976453,274.0147705078125,274.30207502509495
1993,5,286.24258881497246,284.2301330566406,286.52062626888875,284.5348815917969,282.2331848144531,284.86110561100514,283.3760148104287,280.67315673828125,284.3966546058655,281.2633067163928,278.5620422363281,282.30722264749596
1993,6,291.2142358680681,290.1524658203125,291.3609313964844,289.39542636213633,288.04949951171875,289.5861842838798,287.8007179072764,285.0395202636719,288.84332887331647,285.5318509682842,281.518310546875,287.082888538619
1993,7,295.6028655829457,295.69000244140625,295.5908207140471,293.81544147359915,294.2286376953125,293.75687029981236,292.6434650385087,291.4909973144531,293.07861312230426,288.67630583664464,284.5571594238281,290.2681572294805
1993,8,294.9247542364749,295.45709228515625,294.85120050530685,293.19369990907865,294.8553161621094,292.9581988477332,292.9394478175951,292.9911804199219,292.9198913574219,290.06022503732265,288.4156799316406,290.69575105340357
1993,9,287.61441128240153,289.5274963378906,287.3501004670796,286.83165704135234,289.4171142578125,286.4652102012334,285.43684840067124,287.0404968261719,284.83131686846417,282.2527276400862,283.4416809082031,281.7932322224773
1993,10,282.2904802443664,283.88909912109375,282.0696204336066,280.744069277007,282.82830810546875,280.44866486797184,279.9635128028451,281.1352233886719,279.52105887730914,276.38246374020633,277.80072021484375,275.83436286591916
1993,11,276.8168158558752,278.47100830078125,276.5882732993678,275.60955999966325,277.6837463378906,275.3155760276975,274.24219303816164,275.93304443359375,273.60372018814087,270.25245482346105,272.8418884277344,269.251740109873
1993,12,271.3756451027931,273.17181396484375,271.12748898957904,270.0563472353179,272.8067626953125,269.66652697465554,269.68103886912587,271.7528991699219,268.89870023727417,265.75108135705705,269.0585021972656,264.4729165612939
1994,1,264.4528425801007,266.4216613769531,264.18083030299135,260.7178452064251,264.23614501953125,260.21918998177597,260.44823892806113,263.966796875,259.11962989966077,254.69822495559166,260.0896911621094,252.61465630398328
1994,2,267.5755424720015,268.45172119140625,267.45449427554485,264.23677936422416,266.9494323730469,263.85230693666955,263.75757441673926,266.0641784667969,262.8866038322449,259.30716516779756,262.5381164550781,258.05857119617235
1994,3,273.33950152975973,272.584716796875,273.4437743739078,270.9911370639143,272.6207580566406,270.76016619824986,271.2987061700659,271.72088623046875,271.1392831802368,268.91969097619767,270.120849609375,268.45549540120766
1994,4,280.8892099016664,279.17376708984375,281.12621588456005,279.1448501060749,278.187744140625,279.28050340066744,277.63097204197555,276.5565185546875,278.0366880098979,274.2100126770721,273.9457092285156,274.3121198069052
1994,5,285.0666678544414,283.3853454589844,285.29895742315995,283.22782319167567,281.27105712890625,283.5051649198757,283.19679188142425,280.5616455078125,284.1918327013652,282.13371048850576,279.1007080078125,283.30582637710876
1994,6,293.1036218191158,291.5185852050781,293.32261035316867,290.8566921891837,288.1895446777344,291.2347147783895,289.8414690273696,286.0776672363281,291.26266264915466,287.9335235069538,282.73077392578125,289.9441511298556
1994,7,295.16053181025336,295.12445068359375,295.16551429346987,293.9507545208109,294.0466613769531,293.9371573380598,292.1711181756003,290.78424072265625,292.6948119004567,288.50099085665295,284.22552490234375,290.153283837307
1994,8,292.75453441818325,293.77752685546875,292.6132005390368,291.3130160627694,293.0902099609375,291.0611286313515,290.8064879794202,290.8018493652344,290.80820027987164,288.00782591721105,286.43603515625,288.61522951164096
1994,9,289.8048910681223,291.07861328125,289.62891648945055,287.9501311203529,290.0899658203125,287.6468426561731,288.7401368802797,289.5418395996094,288.43742911020917,286.1990477463295,286.1249694824219,286.2276918935586
1994,10,284.20286533598266,285.8046875,283.9815587495503,282.32662984913793,284.8097229003906,281.97469419944946,283.14666753815794,284.51422119140625,282.63024258613586,280.881618105132,282.0296325683594,280.437967611974
1994,11,279.7908727392296,281.457763671875,279.5605804041812,278.27445973363416,280.433349609375,277.968477264164,277.38195281578595,278.9800109863281,276.77852551142377,274.2161371516085,276.38641357421875,273.3774212233099
1994,12,274.2656257056087,275.97528076171875,274.02942597238643,272.3483821474273,274.57220458984375,272.033196637011,272.57628708029966,274.4653015136719,271.8629911740621,269.71864660855,272.32098388671875,268.71296612864944
1995,1,270.495710957257,272.0032653808594,270.28742539255245,270.3169768234779,272.4521789550781,270.0143485482283,268.19490959874173,270.39117431640625,267.36560376485187,263.4092034526255,267.2257080078125,261.93427024324575
1995,2,268.009560469258,268.8141174316406,267.8984045731394,265.5015726023707,268.1207275390625,265.13035475362943,265.1949065989042,267.4751281738281,264.33387939135235,260.75115734407274,264.7846984863281,259.1923798336926
1995,3,275.3579316773166,274.10552978515625,275.53095907914013,273.5506768588362,274.2343444824219,273.4537790854146,272.36524545132323,272.7369384765625,272.22490461667377,268.3943731373754,270.1750793457031,267.70622077121203
1995,4,278.49057183238125,277.84112548828125,278.58029496042354,276.6609657024515,277.04473876953125,276.60657651405637,275.84703222610096,275.7037658691406,275.9011291662852,273.13068135579425,273.75146484375,272.8907927858877
1995,5,286.09903694990743,284.82562255859375,286.2749625758121,284.57198549467944,283.55792236328125,284.7157141017163,283.4467484991582,281.04229736328125,284.3546835581462,281.7448001730031,279.1759948730469,282.7375232954899
1995,6,293.406538770378,292.5113830566406,293.53020979228774,292.1913115402748,291.1495361328125,292.3389647476316,291.1482177042105,287.955322265625,292.3538661003113,289.29444815098554,283.2660217285156,291.62417797073425
1995,7,295.5247329976517,295.26092529296875,295.56118372866985,294.5119460533405,294.64910888671875,294.4925097367895,293.27916522828303,291.9206237792969,293.7921377023061,289.4003668598745,285.2919616699219,290.9880713960564
1995,8,296.5235728004764,296.9054260253906,296.47081455431487,294.57922384327856,295.76995849609375,294.41045397660866,294.5277682847021,294.3455505371094,294.5965670744578,291.5797574273471,289.9855651855469,292.19582485487734
1995,9,288.52971336056044,290.268798828125,288.2894423635382,286.9113841089709,289.0717468261719,286.6051988977147,286.7255292867217,287.997314453125,286.2453119754791,284.1309016435996,284.8661804199219,283.8467688085548
1995,10,284.64503505464234,286.205078125,284.42950539839893,283.8084289550781,285.4210205078125,283.57988204355314,282.5611403813209,283.5215148925781,282.19850913683575,278.3585962755927,279.944091796875,277.7458660232118
1995,11,274.23615578006456,276.3162841796875,273.94876921804325,273.1211834085399,275.74456787109375,272.7493636964813,271.5752420984279,273.6251220703125,270.8011796474457,266.88204614047345,270.11383056640625,265.63310831381506
1995,12,268.9429414782221,270.7930908203125,268.68732572856703,266.80685298525054,269.8132629394531,266.38074715681904,266.6230954492926,269.1407775878906,265.67240317662555,262.416126382762,266.8021240234375,260.72113681504453
1996,1,267.30797898838284,268.485595703125,267.1452835484555,265.0616859172953,268.1507873535156,264.6238588348148,264.5786956614042,267.3791198730469,263.52130421002704,257.88542990848936,263.04376220703125,255.8919439429781
1996,2,268.8794403958183,269.0055847167969,268.8620161759226,266.8889183307516,268.89532470703125,266.60454649437133,265.4613119028016,267.4065856933594,264.7268087863922,260.2670625708569,263.8382568359375,258.8869607021134
1996,3,270.87695012616285,270.94342041015625,270.867767936305,269.5524123619343,271.3006591796875,269.30462838721087,267.9594134671476,269.2416076660156,267.47524150212604,263.682331041358,266.10015869140625,262.7479062023391
1996,4,278.33395738546557,277.1909484863281,278.4918740925036,276.61954977101294,276.7235107421875,276.60481802872783,274.87408049210256,274.5500793457031,274.9964175224304,270.5740021453507,271.5082092285156,270.2129713567605
1996,5,285.0713174632519,283.2437438964844,285.3238111797132,283.25319171773975,281.0452880859375,283.5661265455832,281.9516839818828,279.46868896484375,282.88926672935486,279.4823936374708,277.1697692871094,280.3760891492623
1996,6,292.29455266522535,291.0885009765625,292.46117842824833,290.39089860587285,288.4195251464844,290.6703106737512,288.61031048780126,284.4796142578125,290.1700910727183,287.3273033931338,281.8906555175781,289.4283247867903
1996,7,292.7358384325325,293.4404602050781,292.6384935880962,291.62757673592404,291.84765625,291.59638292207495,290.0587344539188,288.8167419433594,290.5277205308278,287.20960218056865,282.8460998535156,288.8958938416257
1996,8,293.73550732562995,295.11138916015625,293.5454209980212,292.6573983028017,294.37078857421875,292.4145534245048,292.2066016963389,292.43023681640625,292.1221669514974,289.6001514127885,286.57305908203125,290.76999010792764
1996,9,289.33991889733113,291.2591552734375,289.0747578269557,288.54816873484646,290.8986511230469,288.2150331031619,288.1915603378094,289.3872985839844,287.74002901713055,285.49174709977774,285.44146728515625,285.5111728379451
1996,10,283.55692727855177,284.9919738769531,283.35866365934675,281.7587606495824,283.7034912109375,281.48312714343933,281.5920414194493,282.56439208984375,281.22487505276996,278.496063758587,279.58056640625,278.076940650484
1996,11,273.718949510872,276.062255859375,273.39519962511565,272.9276623956088,275.5670166015625,272.5535802165354,272.5329041796506,274.39886474609375,271.8282914161682,269.17789880160626,271.6600341796875,268.218661486865
1996,12,272.91803560642836,274.4895935058594,272.70091548718904,272.52442584859915,274.5802001953125,272.2330567367434,269.6859528914742,271.6888427734375,268.9296706517537,263.6759376087408,267.8795166015625,262.0514570137419
1997,1,267.9513313425759,269.32806396484375,267.7611272711503,266.59172573747304,269.488525390625,266.18115162286233,264.66856104484805,267.3540344238281,263.6545078754425,259.6570553834411,264.23944091796875,257.88618584743057
1997,2,271.59434147652865,271.5639343261719,271.5985420628598,268.9007879849138,270.7754821777344,268.63508666031004,267.1639136619063,269.07489013671875,266.44232511520386,262.2479641793788,265.9021301269531,260.83580083961033
1997,3,274.38256059767883,273.7106018066406,274.4754046389931,270.8754668137123,272.3370361328125,270.6683191014087,270.0823960187079,271.01849365234375,269.7289295196533,265.62691655652276,268.0182800292969,264.70274505007313
1997,4,278.6903111452312,277.60443115234375,278.84033122815583,276.9793059250404,276.9581604003906,276.9823019673505,276.04506211740534,275.3592834472656,276.3040126164754,273.1317574511999,273.1452331542969,273.1265567612363
1997,5,282.9212720573293,282.0596618652344,283.0403107091,281.5725228145205,280.7019958496094,281.6959021861159,280.2473548932427,278.5611572265625,280.88407850265503,278.67526306503123,276.6786193847656,279.44689029526427
1997,6,292.05067346826456,290.7117919921875,292.23565332513107,290.95076378131733,289.74713134765625,291.1213599978469,289.2226441352714,285.4297790527344,290.65486216545105,286.97747118719695,281.33837890625,289.1567230832529
1997,7,294.07320937669346,294.1590881347656,294.061346556011,292.5054491766568,293.1161804199219,292.41889244740406,291.81442785713756,290.4023132324219,292.3476538658142,288.31193823101876,283.37054443359375,290.22153378672806
1997,8,292.00644855830024,293.0352478027344,291.86431001362047,291.1720454775054,292.8402099609375,290.93561608021656,290.3998773066443,290.5922546386719,290.3272376060486,288.2952584453013,286.9938049316406,288.7982035481122
1997,9,289.25758282435424,290.521728515625,289.0829311170076,287.783060218548,289.69732666015625,287.5117478258028,287.83803421337797,288.4808044433594,287.5952836672465,285.8797802979919,286.27362060546875,285.72757456502114
1997,10,283.66537510866374,285.3492126464844,283.4327422694156,281.704567113416,284.1524658203125,281.35762564591533,282.07637511399383,283.2821044921875,281.62108794848126,278.95793257088496,279.8267822265625,278.62216344582606
1997,11,275.89343296999186,277.7961730957031,275.6305523922569,274.77380623653016,277.2790222167969,274.41873144915724,274.4504172427893,276.25128173828125,273.7703796227773,270.80224995229435,273.3587646484375,269.81426697993186
1997,12,272.92706563431403,274.474853515625,272.71322692068,271.1104374326509,273.6602783203125,270.7490416999877,271.26525359703595,273.22686767578125,270.5245164235433,268.6487106674019,271.5155029296875,267.5408086890718
1998,1,272.9286049197864,273.5395202636719,272.84419953195675,270.4340123669854,272.0979919433594,270.1981782687931,268.8973473474975,270.8157653808594,268.17293334007263,263.6164086002043,267.4980773925781,262.1163178098154
1998,2,274.1865333160224,274.1380920410156,274.19322706523695,271.32069575868803,272.9015197753906,271.0966419610452,271.85288744747976,273.04534912109375,271.40262881914776,269.7115155801006,271.8580017089844,268.88201174793016
1998,3,275.7531316680026,275.5522766113281,275.7808841906096,274.002569159146,275.057861328125,273.85300259327323,272.4137559973675,273.2997131347656,272.079209168752,268.5403060036144,270.7823181152344,267.6738908623319
1998,4,281.5069431900289,280.6400146484375,281.62671059056333,280.05562260068695,279.7305603027344,280.10169394185226,279.7371403310159,278.59576416015625,280.1681377887726,278.06846513419316,276.9644775390625,278.495122172443
1998,5,290.06427019593343,288.56646728515625,290.27119947734633,288.36170107085127,286.80340576171875,288.5825594203679,287.20190308540214,284.3264465332031,288.2876706123352,284.43823382498204,281.01611328125,285.7607314881101
1998,6,292.38491662527093,291.6585388183594,292.48527326081927,290.63251384866646,290.3902587890625,290.66685113381214,289.79214385236367,288.10076904296875,290.43079137802124,286.86080687073456,283.6996765136719,288.0824659127163
1998,7,294.7689530036353,295.3651123046875,294.6865882873535,293.11319916823817,294.1882019042969,292.96083657572586,293.3662685689944,293.1529541015625,293.44678775469464,291.23070569970145,290.0022888183594,291.705420748646
1998,8,294.69627883117323,295.69403076171875,294.55843052111175,293.30975194470636,295.2587890625,293.03350878137303,293.4625642195992,293.85687255859375,293.3136710325877,291.64851054926027,291.5480041503906,291.687354585564
1998,9,291.6793479257925,292.7698974609375,291.5286782917224,289.68138617153824,291.8940124511719,289.3677875188392,289.88655895096144,290.9104919433594,289.49992903073627,287.2274388280408,288.47711181640625,286.7445016078265
1998,10,284.5470046556065,286.3197326660156,284.3020826640882,282.9074425006735,285.3475341796875,282.56159985159326,283.17619672750027,284.63201904296875,282.62648407618207,280.42269836075,282.0838623046875,279.78074214372975
1998,11,279.0759104469608,280.56231689453125,278.87055286608245,277.0934397730334,279.5671691894531,276.7428264467735,277.21805011482456,278.6958923339844,276.66001566251117,273.56097403339953,275.8443603515625,272.678544732204
1998,12,275.10883573851834,276.7962341308594,274.8757039120323,274.05499541183997,276.1532287597656,273.75760536494215,272.5849064212215,274.34747314453125,271.9193865458171,267.6525518483129,270.6272888183594,266.5029230003813
1999,1,268.49531175911085,269.58917236328125,268.344181060791,266.7063811203529,269.4449462890625,266.3182368240957,265.48574384894846,268.3175048828125,264.4164671897888,260.76757010098163,265.1690979003906,259.066598535059
1999,2,272.5702900969224,272.16534423828125,272.6262361626876,269.9446987809806,272.16558837890625,269.6299275075357,270.2349259317034,271.90313720703125,269.6049834887187,266.6803504680765,269.62353515625,265.5429411504373
1999,3,272.8786471151892,272.8453369140625,272.88324817858245,270.7366450868804,272.5466613769531,270.48010806586797,271.3799215796314,272.7364501953125,270.8676919937134,268.5317067113416,271.0758972167969,267.5485180858597
1999,4,281.2931439173704,279.58905029296875,281.52857951114055,278.920845820986,278.6385498046875,278.9608615664985,279.2199036106045,278.14459228515625,279.6259461243947,276.9753672281901,275.9809265136719,277.35968005419727
1999,5,288.2389305864455,286.536376953125,288.4741522136487,286.7234446558459,284.7779846191406,286.9991786686454,285.7096265133027,283.0052185058594,286.73083782196045,283.34313552681056,280.2226867675781,284.54906047197926
1999,6,293.67753292370395,292.6310119628906,293.8221156471654,292.0452773521686,291.70501708984375,292.09350249523254,290.64671836232867,288.4830322265625,291.4637460708618,286.802758841679,282.3264465332031,288.5326704655985
1999,7,297.4449918008264,296.7620544433594,297.5393411736739,295.3751073376886,296.03021240234375,295.2822549174151,294.632986259821,293.5141906738281,295.05542890230817,291.12588378204697,287.61114501953125,292.48419238086717
1999,8,293.21152668330024,294.0812683105469,293.09136942813274,291.8246866160426,293.7017822265625,291.5586358017809,291.510049974986,292.0567932128906,291.3035709063212,289.196832240313,288.9762878417969,289.2820695975862
1999,9,290.5127875708431,291.95025634765625,290.314194127133,289.7409194420124,291.97064208984375,289.42489431786726,288.5282417398319,289.68328857421875,288.0920663674672,285.43658096488866,286.64801025390625,284.9684044583385
1999,10,283.4266106930771,284.99310302734375,283.2101841976768,281.5832346949084,284.0039978027344,281.2401324895423,281.37971586000265,282.7628479003906,280.857416788737,277.8178288251504,279.47344970703125,277.17802192110463
1999,11,279.72247702537936,280.904052734375,279.5592324106317,278.3217527192214,280.0635070800781,278.0748889352393,278.0625587852781,279.3918762207031,277.5606160958608,274.77690606829765,276.54119873046875,274.0951091872743
1999,12,272.78323417178467,274.7416687011719,272.51265776784794,271.71509925579204,274.2906188964844,271.3500599297952,270.7961549812995,272.81622314453125,270.03338678677875,267.2873846470625,270.3042297363281,266.12152512994896
2000,1,268.7148668586863,270.26556396484375,268.5006207917866,266.1779863028691,268.9043884277344,265.79157166969117,265.8440323885537,268.4900207519531,264.84487613042194,261.78728292180205,266.0694274902344,260.1324244039467
2000,2,272.3732873111791,271.89080810546875,272.43994662636203,269.440271837958,271.1903381347656,269.19222830224226,269.72967488914446,271.2459716796875,269.15706634521484,266.3927130863584,269.0191955566406,265.3777103500062
2000,3,277.86492849361,276.6524963378906,278.03243857935854,275.6116301437904,276.0151062011719,275.554445522038,275.43552039566475,275.227294921875,275.5141457716624,272.28833156892625,273.2213439941406,271.9277721876167
2000,4,280.53443811670206,279.278076171875,280.70801504034745,278.210438064049,278.0145263671875,278.23819954939717,278.07817299740077,277.1862487792969,278.41500838597614,274.828636344822,274.86273193359375,274.815461056166
2000,5,288.3959777479227,286.30181884765625,288.68530052586607,285.71167244746766,283.8630065917969,285.9736907238097,284.9638720333914,282.45166015625,285.9125124613444,282.2737912583625,279.24908447265625,283.44269893083913
2000,6,292.4099152846143,291.5065002441406,292.53472860235917,289.6938055630388,288.5798034667969,289.85169850747417,288.7922519042046,287.1100158691406,289.4274920622508,284.67649622073117,281.4899597167969,285.9079389230189
2000,7,293.1755055333838,293.661376953125,293.1083745454487,291.3882170578529,292.5865783691406,291.2183657668707,291.5426335181541,291.079833984375,291.71737933158875,289.35999210401513,286.8172912597656,290.3426557442107
2000,8,293.39235427062636,294.1441955566406,293.2884790520919,291.77138356175914,293.66558837890625,291.5029222383274,291.9740781153082,292.0853576660156,291.9320871035258,289.9560164528331,289.5511169433594,290.11250432838955
2000,9,289.457050301436,290.8511047363281,289.2644486678274,287.6225011365167,289.72003173828125,287.3252135749877,287.7980495517781,288.8319091796875,287.40763370196026,284.81214387389434,285.9101257324219,284.3878246778511
2000,10,285.1559850439171,286.2018127441406,285.01149609214383,282.8427111395474,284.9626159667969,282.5422512264702,283.5088784807346,284.5221252441406,283.12628801663715,280.69400445346173,281.9231262207031,280.21901675524464
2000,11,277.01514359843526,279.01361083984375,276.7390421817177,275.6618917530981,278.60443115234375,275.244840126338,275.66601366356775,277.48114013671875,274.98058700561523,273.2385446833468,275.30096435546875,272.4415143381552
2000,12,267.0058447336186,269.63922119140625,266.6420272024054,266.39003169618803,269.51788330078125,265.9467122235636,264.881641755708,267.8754577636719,263.7511838277181,259.6690500193629,264.57177734375,257.774372723948
2001,1,269.818487619389,270.54669189453125,269.7178836621736,268.36903686523436,270.64898681640625,268.0458957942452,268.18413602832584,270.36566162109375,267.3603793780009,265.33884596550604,268.63421630859375,264.06536391056864
2001,2,271.29051693602105,271.12506103515625,271.3133733649003,268.9410314099542,271.0234375,268.6458843561608,267.2461694382089,268.9637756347656,266.5976204077403,262.0200890288956,265.7007751464844,260.597656310792
2001,3,272.9761232585576,272.76239013671875,273.00564775968854,270.7056611159752,272.3666076660156,270.4702540119802,270.66352056780926,271.5726623535156,270.32023310661316,268.04731899568407,269.6201477050781,267.43945993370266
2001,4,281.9425010019644,279.51702880859375,282.2775959215666,279.303977808459,278.65972900390625,279.3952864999846,279.02700684516776,277.62353515625,279.5569586753845,276.0503341850193,275.5781555175781,276.2328071746218
2001,5,287.9447882327041,286.1308898925781,288.1953928094161,286.12492275895744,284.0998229980469,286.4119409275806,284.86488979750635,281.7665710449219,286.03481674194336,282.9149074335208,279.6173400878906,284.18926576409206
2001,6,292.43928836535855,291.6360778808594,292.550258034154,291.0627460348195,289.98712158203125,291.2152027520608,289.5292345129925,287.0977783203125,290.44734088579816,286.5346879630253,281.5643005371094,288.45548543132156
2001,7,294.6446323284524,294.30218505859375,294.6919473346911,292.26361694335935,292.7231750488281,292.19848248339076,292.27563609247625,291.16314697265625,292.6956576506297,288.7550916123664,284.33740234375,290.4623558986709
2001,8,295.46156990183573,295.80157470703125,295.414590534411,294.50889555832435,295.8467102050781,294.3192871574342,293.78535418158896,293.6702575683594,293.8288215796153,291.3996987178408,289.8702392578125,291.99077505894394
2001,9,288.95212056595466,290.6798400878906,288.71341705322266,288.35660695043106,290.7337646484375,288.01968287670707,287.4041390950828,288.59869384765625,286.9530711174011,285.2645913485823,286.28497314453125,284.8702497140345
2001,10,283.87710377246657,285.3396911621094,283.6750371832597,283.0117294837689,284.92169189453125,282.74102518877646,281.91128026605327,283.0845947265625,281.46820823351544,279.1472764289242,280.8087463378906,278.50517668097143
2001,11,281.3730907991442,282.40826416015625,281.2300686083342,279.85946718413254,281.3538513183594,279.64767047551675,279.47073000815953,280.3214416503906,279.1495249271393,276.46447455746005,277.78057861328125,275.9558890901239
2001,12,275.03100533016845,276.7903747558594,274.7879309403269,274.23877395103716,276.5998229980469,273.9041411632628,273.5563882348217,275.21392822265625,272.93050416310626,269.8588490979425,272.3351135253906,268.9018639796284
2002,1,272.7165305076996,273.6912536621094,272.58186300177323,271.3678151097791,273.8211364746094,271.02010099155694,270.37941593393714,272.3746337890625,269.62600835164386,265.0363145148617,268.5869445800781,263.6641281553474
2002,2,272.66525550798184,273.2555236816406,272.5837067051938,270.8555268386315,272.9193420410156,270.5630216823788,269.82141724786595,271.6435852050781,269.1333541870117,265.62049865722656,268.9004821777344,264.35293870903104
2002,3,274.2213856250564,274.3260498046875,274.20692544234424,272.9170180748249,274.2191467285156,272.73246056263844,270.0197190859818,271.40728759765625,269.4957369168599,264.56080267895226,267.618408203125,263.37915950942323
2002,4,281.3201098138886,279.4368591308594,281.5803003813091,279.42978157832704,278.8064880371094,279.5181211937131,277.89540777945564,277.1477355957031,278.1777296066284,274.47200748838225,274.9163513183594,274.30028749747106
2002,5,284.5354818884348,283.128662109375,284.72984615125154,283.05564996127424,281.9989013671875,283.20542487197037,281.7029265492084,280.0055847167969,282.34384115537006,279.3244539458176,277.6228942871094,279.9820200399574
2002,6,293.0176534487333,291.363037109375,293.246253164191,290.74112948713633,289.658203125,290.89461847740836,289.5998390356399,286.85443115234375,290.6365045706431,286.75979351175243,281.8793640136719,288.64585371891343
2002,7,296.7033366826228,296.2352600097656,296.7680001509817,294.645541697535,295.1763916015625,294.5703016866849,294.70615973950333,293.67742919921875,295.0945951938629,291.4258982340495,286.6655578613281,293.26554682150305
2002,8,295.4989909794978,295.779052734375,295.46029502467104,293.8602795831088,295.2972412109375,293.6566183736005,293.29462044901567,293.38433837890625,293.26071643829346,290.12801606627716,288.992919921875,290.5666716678209
2002,9,292.4105251069703,293.6150817871094,292.24411111128956,291.04948520002694,293.1102294921875,290.75740784171995,290.768310546875,291.62457275390625,290.44500430425006,287.1864827473958,287.2822265625,287.14947145013696
2002,10,283.01731263971055,285.0018310546875,282.74313173796,281.389359257139,283.9272155761719,281.0296604426827,280.31977466374127,281.93218994140625,279.71089911460876,276.34738887041465,278.4601135253906,275.5309029993308
2002,11,276.83523436088785,278.69830322265625,276.57783026444287,275.76780521787447,278.0731506347656,275.4410657507228,274.62749759551485,276.29364013671875,273.9983497460683,270.34767571811017,272.98297119140625,269.3292629044369
2002,12,271.2039281591515,272.846435546875,270.9769997847708,269.86462718042833,272.8146667480469,269.4465175838921,270.3935227276923,272.5401916503906,269.58295305569965,267.48568672969424,270.44091796875,266.343656380338
2003,1,266.4347094938245,268.115478515625,266.2025003935161,263.88486201845365,267.009521484375,263.4419940137488,264.6986874903082,267.3310852050781,263.70469093322754,260.77412480321425,264.5852355957031,259.30130631040294
2003,2,267.3063590871116,268.7379150390625,267.1085747166684,264.8669757711476,267.04437255859375,264.55836594949557,264.087605640433,266.7126770019531,263.09637061754864,259.64219911071075,263.6395263671875,258.0974127172949
2003,3,274.15118743367276,272.6815185546875,274.3542315834447,271.83656384698276,271.9269714355469,271.82375209538014,270.6315967581448,271.0603332519531,270.4697045485179,266.5831979335039,268.5172424316406,265.8357666745129
2003,4,280.31630852318915,277.30029296875,280.7329999020225,277.2225691170528,276.0545654296875,277.3881146288293,276.7729764480447,275.3550720214844,277.30840007464093,273.2880990039343,272.61004638671875,273.55013989452345
2003,5,285.5355946094314,283.7457580566406,285.782874257941,284.0484680175781,281.65478515625,284.3877332792507,282.9713405327896,279.937744140625,284.11684997876483,282.49499257405597,278.4293518066406,284.0661527474088
2003,6,290.69592920204116,289.3203430175781,290.88598452116315,289.57729576373924,287.4642028808594,289.8767916461614,288.1251825285769,284.5622253417969,289.4705540339152,286.18402108378797,280.47589111328125,288.3899797538362
2003,7,294.4602549999436,294.07952880859375,294.51285352204974,292.94562335836474,292.8555603027344,292.95838844119095,292.20107945692786,290.6697998046875,292.7792791525523,288.6704227842134,283.4417419433594,290.69107894593503
2003,8,294.7730314221685,295.47735595703125,294.6757210179379,293.6752374057112,295.0409240722656,293.48167239211676,293.3467898738407,293.1811828613281,293.40931328137714,290.7989694003401,288.9101867675781,291.5288704799941
2003,9,289.42825652546964,291.2975769042969,289.16999395270096,289.08221204034214,291.2750244140625,288.77141829363006,288.53468821765347,289.5892333984375,288.13654081026715,285.9707390796179,285.96246337890625,285.97394844450326
2003,10,282.87294350331916,284.50701904296875,282.6471848738821,281.19860482051456,283.3853759765625,280.88867043322466,281.460693993956,282.63067626953125,281.01889689763385,278.633532907771,279.5989990234375,278.2604224216416
2003,11,279.69515938290283,280.9635925292969,279.5199165344238,277.727659238618,279.2408142089844,277.51319825179934,276.42790196207835,277.782470703125,275.9164498647054,272.1693660692237,274.5212707519531,271.26046923147254
2003,12,272.9127347207483,274.747314453125,272.6592682286313,271.51247726966596,274.1498107910156,271.13868172713154,271.4869933966653,273.5167541503906,270.72055832544964,268.28879240189474,271.32275390625,267.11631610763976
2004,1,266.1057287668217,267.61370849609375,265.89738885979904,262.6912321945717,265.6786804199219,262.26781649852364,262.8602463951183,265.97540283203125,261.68395376205444,257.34514512686894,262.1890869140625,255.4731799121872
2004,2,269.58308225422235,270.4869079589844,269.4582093891345,266.89726246800916,269.33697509765625,266.55147858867497,267.6936269374335,269.7030944824219,266.93483360608417,265.31808050747577,268.18402099609375,264.21054393266775
2004,3,275.8629788966537,274.1687927246094,276.09704710307875,273.8313428155307,273.8879699707031,273.82331427626724,272.9463633661685,273.16278076171875,272.8646581172943,268.9969162338081,270.6540222167969,268.35649966053757
2004,4,280.97759780442783,278.3444519042969,281.3413848876953,278.8621960870151,277.6272888183594,279.0372235155481,278.0083975260109,276.68499755859375,278.50811258951825,274.3472189190744,273.72296142578125,274.58848565698145
2004,5,288.0364857932736,285.707763671875,288.358221556011,285.8685671049973,282.6150207519531,286.32969965897206,283.1132429443821,280.3930969238281,284.1403540770213,279.7330662519082,277.6750183105469,280.52838195557615
2004,6,291.1258148016957,290.6805419921875,291.1873319525468,289.024181076576,288.1609802246094,289.146526186485,287.62780969399813,285.2605285644531,288.5217129389445,284.6473890282642,280.9993896484375,286.057196506941
2004,7,293.3853329344292,293.5904846191406,293.35698358636154,292.3325018521013,292.7076416015625,292.27933364027126,291.33844017216296,290.39483642578125,291.69475332895917,288.4969342988113,284.80206298828125,289.9248591571215
2004,8,292.15070726692335,293.1803894042969,292.0084477474815,291.41220345332704,292.9683532714844,291.1916477473702,290.2417030839253,290.6103820800781,290.10251720746356,287.13538439520477,286.4226379394531,287.41080015874
2004,9,291.16073802440843,292.6184387207031,290.9593417519017,289.7354372221848,291.68798828125,289.45869505874754,290.30116592147624,290.9942321777344,290.03945835431415,287.15619694501504,286.40692138671875,287.4457674672404
2004,10,284.58467816479634,286.2042236328125,284.36092095626026,282.7674320615571,285.2444763183594,282.4163580466443,282.95181135960024,284.2337646484375,282.4676921367645,279.84846724586924,280.7289123535156,279.50822053582544
2004,11,279.0605160046175,280.59814453125,278.848084700735,277.26784247036636,279.4448547363281,276.9592909925566,277.16497000854724,278.8125915527344,276.54283714294434,274.53221130371094,276.4997863769531,273.7718418318912
2004,12,271.53433439221686,273.6632385253906,271.24021068372224,269.8410737136315,272.5369567871094,269.458980049674,268.7829000260294,271.4789733886719,267.7648748556773,263.7923514267494,267.9783630371094,262.1746554431687
2005,1,268.8093078260477,269.76983642578125,268.6766048230623,265.8142908556708,268.5042724609375,265.4330300158403,265.2108263906324,267.6026611328125,264.3076591491699,259.95199659501,264.5633544921875,258.1699255833113
2005,2,271.19934046750814,271.170654296875,271.2033012791684,268.72837019295525,271.14471435546875,268.3858906903605,269.1735606779448,270.576171875,268.64388704299927,265.13175227724275,268.15582275390625,263.9630962235044
2005,3,272.25705079536215,271.8484802246094,272.31349463211865,269.9930935563712,271.75628662109375,269.74319169652745,269.8653250047074,271.15679931640625,269.3776875336965,266.25281156342606,268.7779541015625,265.2769618547295
2005,4,281.2826425188539,279.2750244140625,281.5600108096474,279.5749598009833,278.8730163574219,279.6744471272146,279.4346373473313,277.9690856933594,279.98803838094074,277.304248590579,275.8541259765625,277.86465235250404
2005,5,285.22436717479906,284.0083923339844,285.39236309653836,283.48780517578126,282.2991943359375,283.6562704251507,283.41760092376535,281.14556884765625,284.2755289077759,281.5902124163748,278.868896484375,282.6418855826693
2005,6,294.94417999796786,293.7155456542969,295.11392733925265,293.4704876077586,292.7203063964844,293.5768081785187,292.56899447522227,289.983642578125,293.5452039241791,288.6995428677263,283.9086608886719,290.5510225941935
2005,7,296.48236683751804,296.73089599609375,296.4480321783769,295.29648942618536,296.2790832519531,295.15722343865343,294.4344207821361,293.6508483886719,294.73031663894653,291.31446680529365,288.1420593261719,292.54045706821154
2005,8,295.81820220065254,296.5166015625,295.7217112089458,294.45946865739495,296.0301818847656,294.2368469238281,293.77891993387436,294.0249938964844,293.68599677085876,290.93034424178904,290.6903991699219,291.0230468506832
2005,9,292.03548629848945,293.3777770996094,291.85004164043227,290.62478195716596,292.7511901855469,290.3233998216043,290.93786563404564,291.8393249511719,290.59747838974,288.1544729649336,288.9626159667969,287.8421474016045
2005,10,284.86301788153673,286.383056640625,284.65301112124797,283.173591561153,285.0208740234375,282.9117760845995,283.7693001471305,284.9220275878906,283.33402975400287,280.94786229626885,282.3047790527344,280.4234723702845
2005,11,279.13149865652093,280.68170166015625,278.9173214561061,277.86606718918375,279.7852478027344,277.5940585399237,276.53859296773464,278.0054016113281,275.9847288926442,272.5463638305664,274.94024658203125,271.62124621630664
2005,12,269.77381570628614,271.5769958496094,269.524690527665,269.43404688341866,272.1473388671875,269.04948148952695,268.6336233214755,270.7706604003906,267.8266593615214,266.0221255072232,269.3645935058594,264.7304338553987
2006,1,274.51162755007,273.70208740234375,274.62346910175523,272.2983545763739,274.2107238769531,272.02730698472874,271.61788248159485,273.09893798828125,271.0585913658142,267.4399421078035,270.4983215332031,266.25801347831333
2006,2,270.6270877198677,270.9761047363281,270.57887247989055,268.5200224777748,271.0047302246094,268.1678618183286,267.0251306198495,268.9543762207031,266.2966576417287,262.1319713373294,266.0423583984375,260.62079210015406
2006,3,274.663771789198,273.5112609863281,274.82300286543995,272.12475333378234,273.14532470703125,271.9801090270515,271.72103991445385,272.3545837402344,271.48184140523273,268.6608168503334,270.430908203125,267.97677709571866
2006,4,282.48613496460666,280.57342529296875,282.7503919099507,279.6886695598734,279.3028564453125,279.74334957092765,279.83044104765406,278.5032958984375,280.331583182017,277.6909348937287,276.7708740234375,278.04650696530285
2006,5,287.35892552723084,285.9919128417969,287.5477893227025,286.16800389783134,284.5984802246094,286.39045775406004,285.09353556930455,282.3280029296875,286.13779099782306,283.0305080194583,280.0662841796875,284.1760259985449
2006,6,292.1681522082731,292.0057067871094,292.1905945225766,290.98478604020744,290.69671630859375,291.02561001514823,290.3880023920243,288.7459411621094,291.0080424149831,288.2529893195492,284.12103271484375,289.8498290772457
2006,7,296.19633669109015,295.99652099609375,296.22393738596065,295.1965843463766,295.4728698730469,295.1574260080893,295.15218527781263,294.0509338378906,295.5679870446523,293.02390148995937,290.45721435546875,294.0157842750093
2006,8,294.707149968671,295.61285400390625,294.5820157904374,293.0493671285695,294.75775146484375,292.80723463644193,293.02427485849995,293.3752746582031,292.89175875981647,291.13602175657775,290.71038818359375,291.30051899336246
2006,9,288.81930894796557,290.34552001953125,288.60844602082904,287.6593836291083,289.8404846191406,287.35025192621185,287.41163095860037,288.67718505859375,286.9337577025096,285.4480694299457,286.6676940917969,284.9767616545537
2006,10,282.3455351901192,284.06634521484375,282.10778929057875,281.272727808459,283.5142822265625,280.955023097241,280.49689511044943,281.8780517578125,279.9753577709198,277.91836775856456,279.7915344238281,277.19447332739355
2006,11,279.01069702854045,280.26409912109375,278.8375264217979,278.5013528758082,280.0662841796875,278.2795568751538,277.1181641778784,278.1973571777344,276.7106415430705,273.88624660448096,275.7822570800781,273.1535271268442
2006,12,275.5260528388051,276.6912841796875,275.3650673314145,274.51455730569774,276.4866027832031,274.2350627268393,273.36527712268503,274.85235595703125,272.803733030955,269.926923028354,272.4927978515625,268.9353303339377
2007,1,271.9537552850095,273.0328674316406,271.8046696311549,269.9588804047683,272.1609802246094,269.6467734509566,269.0306587435573,271.01055908203125,268.2830336888631,264.59015252124306,267.8063659667969,263.34723678528076
2007,2,265.6483734660066,267.3347473144531,265.41538358989516,264.3551802010372,266.9635009765625,263.98549694151393,263.673522083881,266.0895690917969,262.76120432217914,259.3124832942568,263.4040832519531,257.73124451656264
2007,3,275.87445297682217,273.8893737792969,276.1487061349969,272.100540897764,272.9356689453125,271.98217677319144,272.9234349155246,273.1100769042969,272.85292927424115,269.24047991873204,270.7821960449219,268.6446646276223
2007,4,279.33378645174764,277.8839416503906,279.53409375642474,277.82527781519394,277.6510314941406,277.84996933824436,277.28047696493974,276.2410583496094,277.6729585329692,274.73536971519735,274.0264892578125,275.00932074922963
2007,5,288.3950186492391,285.7451171875,288.76112124794406,285.8711448932516,282.9736022949219,286.2818190206693,285.5954853483319,282.204833984375,286.87582874298096,283.51708861603134,280.1273498535156,284.8270482523033
2007,6,293.7366636419572,292.6921691894531,293.88096859580594,292.0137680579876,290.8077392578125,292.1847080020454,291.3343779306105,288.5981140136719,292.3676122029622,288.26249221275594,283.0317077636719,290.2839283734204
2007,7,294.534080902276,294.45623779296875,294.5448363454718,292.87441448343213,293.2141418457031,292.8262699157234,292.7864159510131,291.66058349609375,293.21157161394757,290.1753422528848,286.0950927734375,291.75215957459227
2007,8,295.35676883410855,295.3716125488281,295.35471464458266,293.85898584826236,294.8248291015625,293.7220925158403,293.3268132633433,293.14453125,293.3956450621287,290.4978029974576,289.22119140625,290.99115464411886
2007,9,291.3052338175691,292.64788818359375,291.11973571777344,290.11746763032056,291.718017578125,289.8906144269808,289.7149022468322,290.2491149902344,289.51318351427716,286.2445281456257,286.1909484863281,286.26522681247667
2007,10,287.880639930681,289.13140869140625,287.7078369542172,286.27677633351294,287.8475341796875,286.0541477954294,285.5114155933402,286.4219055175781,285.1676163673401,281.27751799835556,282.1582336425781,280.93718704284424
2007,11,277.259240299291,279.2221984863281,276.98804333335477,275.54979626885773,278.2226257324219,275.17097028597135,275.3483562505538,277.257568359375,274.6274461746216,272.0749387193,274.51611328125,271.1315182385692
2007,12,272.0803312621365,273.7458801269531,271.85022494667453,270.0765088311557,272.6628723144531,269.7099373885027,269.3060891164048,271.6683349609375,268.4141252040863,264.4077432566676,268.62738037109375,262.7770304280923
2008,1,271.0782975213376,272.136962890625,270.9320383573833,270.38488369645745,272.5948486328125,270.0716593584676,268.3517159532284,270.2947998046875,267.6180293560028,263.3948954439711,267.3103942871094,261.8817131376836
2008,2,269.1369953486272,270.04364013671875,269.01173641807156,267.8909036570582,269.7808532714844,267.62304110789864,266.0239402035459,268.13922119140625,265.22519596417743,261.5813028620577,265.5191955566406,260.0594567530659
2008,3,272.7222676359849,272.33392333984375,272.775921269467,270.41766441608297,271.59661865234375,270.25056974155694,269.7592431917533,270.83953857421875,269.35134100914,266.0159954202586,268.5535888671875,265.0353027586918
2008,4,282.33641643193414,279.9795837402344,282.662027258622,281.2843869965652,279.7121887207031,281.50721680648684,279.18339345315457,277.54229736328125,279.80305854479474,275.01298198480714,274.9034423828125,275.05530697036073
2008,5,285.2322514704886,283.9096374511719,285.41498384977643,283.4851743500808,282.0294494628906,283.69150284894806,282.43932545883666,280.2754821777344,283.25640447934467,279.544322835988,277.5957336425781,280.2973725216322
2008,6,293.1665686458521,291.96820068359375,293.3321304321289,291.4376235435749,289.8860778808594,291.6575305368018,289.19562500230757,286.4341735839844,290.2383538881938,285.47763543841484,281.2138671875,287.1253877313014
2008,7,295.0286916391009,295.2039794921875,295.004474037572,293.66194984172955,294.22332763671875,293.5823840043676,292.5462171702394,291.5728454589844,292.9137369791667,288.57267024599275,284.64532470703125,290.0904261372479
2008,8,293.77948738936055,294.2778625488281,293.7106367412366,291.69850758519664,293.70477294921875,291.4141559751015,292.2902752420177,292.556884765625,292.1895703474681,290.3413313065452,289.39117431640625,290.7085151824343
2008,9,290.9997756164198,292.22747802734375,290.83015642668073,289.2006650727371,291.17388916015625,288.9210020050289,288.69189960789816,289.7358703613281,288.29766233762103,286.11488070433165,286.83807373046875,285.83537967271536
2008,10,283.176397775639,285.02392578125,282.92115221525495,281.43239009462553,284.0388488769531,281.06297602615956,281.87516683711897,283.47088623046875,281.2726074854533,279.7703664494657,281.12164306640625,279.2481487623724
2008,11,277.08358676447347,278.7705383300781,276.85052590621143,275.94061552902747,278.137939453125,275.62918475293736,275.61172773797483,277.1730041503906,275.0221463044484,272.63718808930497,274.6169738769531,271.8720830788175
2008,12,270.79776142098314,272.41302490234375,270.57459520038805,269.9370988516972,272.4266662597656,269.58424245278667,267.27326322097633,269.7896728515625,266.32306655248004,261.8212697259311,266.3043518066406,260.08879405473806
2009,1,266.4589438024973,268.3533020019531,266.19722486797133,265.4692652209052,268.19097900390625,265.0835121935747,264.6295866939206,266.9721374511719,263.7449954350789,260.9021998438342,264.56182861328125,259.48791771391
2009,2,271.3043479257925,271.70050048828125,271.24961511712326,269.5081875505119,271.291015625,269.2555039773776,268.86676786887847,270.1820983886719,268.370095094045,264.96992194515536,267.57904052734375,263.96162323362796
2009,3,274.8487783443032,274.1514892578125,274.94510991949784,272.8709502121498,273.70904541015625,272.7521641047921,271.98191622930574,272.4561462402344,271.80283792813617,268.7462264313095,270.2908020019531,268.14931241829555
2009,4,280.78457376998284,279.7049255371094,280.93373168142216,278.9603016820447,278.3889465332031,279.04128115195925,277.4239495607315,276.73077392578125,277.68568364779156,274.8386739971994,274.78900146484375,274.8578380569519
2009,5,286.9043499720579,285.5889892578125,287.0860790453459,284.55149073107486,282.52935791015625,284.83809391532355,282.8373380203103,280.6389465332031,283.6674581368764,279.63690010158496,278.01959228515625,280.2619456257003
2009,6,291.4371755963805,290.76715087890625,291.52974680850383,289.2047569537985,288.3455810546875,289.32653688445805,288.11984379845893,285.759521484375,289.01113828023273,284.80627836030106,280.833740234375,286.34147868973326
2009,7,292.34547274374546,293.0836181640625,292.24349955508586,291.242510565396,291.92919921875,291.14518893985297,289.98336059339556,289.60626220703125,290.12577478090924,286.6516534213362,283.7461853027344,287.77450294038687
2009,8,293.71966782057217,294.8579406738281,293.5624102542275,292.91136664028824,294.56793212890625,292.6765775905819,291.3364183970345,291.4609375,291.2893991470337,288.13591459427755,286.6655578613281,288.7041388887808
2009,9,290.0503180178604,291.7216491699219,289.8194092198422,288.2901615537446,290.92071533203125,287.91733364796073,288.84597270655496,289.9927978515625,288.4129415353139,287.66602746371564,287.4834289550781,287.7365750620565
2009,10,282.3943502613575,284.1298828125,282.1545699270148,281.02061346646013,283.0048828125,280.7393779604454,280.1421791466062,281.61328125,279.58668724695843,277.0502340382543,278.9682922363281,276.3089971656343
2009,11,280.13341826510566,281.6065979003906,279.9298828526547,278.74908636685075,280.8043518066406,278.4577881820559,278.374315344769,279.7705078125,277.84710399309796,276.00820238836883,277.7454833984375,275.33680937869616
2009,12,271.20464876208,273.38818359375,270.9029795998021,270.1207955195986,272.8856201171875,269.72893013541153,269.4609061747733,271.7548828125,268.5947125752767,265.02286687390557,268.571044921875,263.6516741870409
2010,1,268.9035928538769,270.3543395996094,268.70315752531354,267.88314587823277,270.3377380371094,267.5352576548659,267.40376590375416,269.48199462890625,266.619042078654,264.1053068665252,267.290771484375,262.8742511642882
2010,2,269.6159784394193,270.77911376953125,269.45527869776674,268.79572290880924,271.0871276855469,268.4709609624908,268.3352843430633,270.0769958496094,267.6776495774587,264.83589154824443,267.8896789550781,263.6557703512123
2010,3,276.0923641844292,275.4363098144531,276.18299946032073,275.3653888570851,276.23028564453125,275.2428048201433,274.6126860130036,274.7807922363281,274.54920808474225,273.19268702364514,273.8203125,272.9501261312173
2010,4,283.2056736587789,281.278076171875,283.47198466250774,280.9936891753098,280.19085693359375,281.10747401920827,280.06089104866936,278.92327880859375,280.4904833634694,277.83383108555586,277.1256408691406,278.10752582929996
2010,5,288.52527631638367,287.15325927734375,288.71483652215255,286.85824837520204,285.1386413574219,287.1019731656773,285.539393059022,283.4476318359375,286.32928347587585,282.8431624489269,280.16302490234375,283.87891585513415
2010,6,293.3172009418465,292.69366455078125,293.4033532393606,290.62235044282056,290.4776916503906,290.64285206231546,289.7681384600403,288.47967529296875,290.2546672821045,286.0305044239965,283.01422119140625,287.19613817678504
2010,7,296.42162397968974,296.8998718261719,296.35555287411336,294.9180165257947,295.3411560058594,294.85804904727485,294.2795223820187,293.753662109375,294.4780906041463,291.71546041554416,289.7843017578125,292.46175855659396
2010,8,295.9039514795204,296.4137268066406,295.83352038734836,293.71237519362876,295.29901123046875,293.48749476154956,294.24942431963683,294.3892517089844,294.1966456572215,292.01571313266095,291.30877685546875,292.28889641628797
2010,9,290.38020157124953,291.3025817871094,290.252767663253,288.8070485082166,290.7249755859375,288.53521944781926,287.4425315929045,288.41717529296875,287.07449253400165,283.4528308736867,284.5882568359375,283.01405437819034
2010,10,284.5375103371681,285.8896789550781,284.3506999768709,282.2927065092942,284.9420471191406,281.9172082135058,282.7075163583449,284.2540283203125,282.1235251426697,279.95413620170507,281.626220703125,279.3079527592754
2010,11,277.960259233596,280.01214599609375,277.6767732720626,276.33657815867457,279.12506103515625,275.9413637176273,276.3010366400158,278.2361755371094,275.57031202316284,273.3056123229279,275.754638671875,272.35916113378516
2010,12,269.3425649301165,271.275390625,269.07553160818,268.5049714187096,271.4137878417969,268.0926982248862,268.56375675886477,270.8121032714844,267.714816570282,265.64992093491827,268.90899658203125,264.3904421376992
