dayofyear	superior_sst	michigan-huron_sst	erie_sst	ontario_sst
1	276.05860465116274	276.69255813953487	276.2081395348837	277.42720930232554
2	276.0255813953488	276.6124418604651	276.09302325581393	277.3293023255814
3	275.986976744186	276.603488372093	276.0174418604651	277.29372093023255
4	275.9458139534883	276.52732558139536	275.8867441860465	277.2167441860465
5	275.8588372093023	276.44058139534883	275.77302325581394	277.1574418604651
6	275.74697674418604	276.2587209302326	275.6337209302325	277.04674418604645
7	275.69302325581396	276.1876744186047	275.53488372093017	276.97837209302327
8	275.6341860465116	276.1520930232558	275.45488372093024	276.93279069767436
9	275.58441860465115	276.13476744186045	275.34534883720926	276.93465116279066
10	275.55813953488365	276.05918604651157	275.2632558139535	276.87558139534883
11	275.4981395348837	275.9467441860465	275.1683720930232	276.7909302325581
12	275.43465116279066	275.83546511627907	274.99999999999994	276.7325581395349
13	275.3718604651163	275.7645348837209	274.8625581395348	276.5653488372093
14	275.3241860465116	275.69430232558136	274.77627906976744	276.45744186046505
15	275.26837209302323	275.67825581395346	274.68860465116273	276.41581395348834
16	275.25255813953487	275.63941860465115	274.6162790697674	276.3565116279069
17	275.2316279069767	275.60441860465113	274.54860465116275	276.3527906976744
18	275.1941860465116	275.51790697674414	274.453488372093	276.3402325581395
19	275.1297674418604	275.43372093023254	274.373488372093	276.2755813953488
20	275.0648837209302	275.3648837209302	274.2927906976744	276.156511627907
21	275.026511627907	275.32441860465116	274.22534883720925	276.0867441860465
22	274.98511627906976	275.3024418604651	274.19302325581396	276.0539534883721
23	274.9551162790698	275.2559302325581	274.1958139534883	276.0511627906977
24	274.9390697674418	275.24197674418605	274.1758139534884	276.0455813953488
25	274.88837209302324	275.19255813953487	274.06999999999994	276.00790697674415
26	274.8195348837209	275.13755813953486	274.00372093023253	275.9244186046511
27	274.80279069767437	275.11918604651163	273.97860465116275	275.89255813953486
28	274.79372093023255	275.09116279069764	273.94511627906974	275.836976744186
29	274.7553488372093	275.0590697674418	273.9195348837209	275.7655813953488
30	274.7213953488372	274.9856976744186	273.8674418604651	275.723488372093
31	274.716976744186	274.9912790697674	273.8460465116279	275.74046511627904
32	274.6760465116279	275.01255813953486	273.8420930232558	275.70395348837206
33	274.61720930232553	274.9938372093023	273.85906976744184	275.74186046511625
34	274.55186046511625	274.92186046511625	273.8427906976744	275.74046511627904
35	274.5381395348837	274.87418604651157	273.8058139534884	275.71999999999997
36	274.5188372093023	274.8530232558139	273.7902325581395	275.68465116279066
37	274.5195348837209	274.8031395348837	273.78720930232555	275.64302325581394
38	274.4962790697674	274.76616279069765	273.76744186046506	275.553488372093
39	274.4518604651162	274.7388372093023	273.73372093023255	275.48511627906976
40	274.4055813953488	274.7132558139534	273.69790697674415	275.4472093023256
41	274.3639534883721	274.6833720930232	273.65767441860464	275.4211627906976
42	274.3367441860465	274.6501162790698	273.6609302325581	275.38186046511623
43	274.31162790697675	274.6258139534883	273.65	275.373953488372
44	274.286976744186	274.56965116279065	273.63441860465116	275.313488372093
45	274.2623255813953	274.538488372093	273.6381395348837	275.2767441860465
46	274.2616279069767	274.5310465116279	273.6290697674418	275.3144186046511
47	274.2209302325581	274.5038372093023	273.6244186046511	275.2927906976744
48	274.1862790697674	274.4975581395349	273.5981395348837	275.2667441860465
49	274.16651162790697	274.4831395348837	273.59441860465114	275.2646511627907
50	274.12930232558136	274.47232558139535	273.6153488372093	275.29255813953483
51	274.1620930232558	274.47372093023256	273.60418604651164	275.3030232558139
52	274.18837209302325	274.49697674418604	273.6274418604651	275.29976744186047
53	274.14906976744186	274.4752325581395	273.63906976744187	275.32348837209304
54	274.12558139534883	274.476511627907	273.66906976744184	275.2820930232558
55	274.1013953488372	274.4440697674418	273.6609302325581	275.2620930232558
56	274.10232558139535	274.43825581395345	273.67	275.27302325581394
57	274.09860465116276	274.4325581395349	273.6890697674418	275.2393023255814
58	274.0753488372093	274.4356976744186	273.70139534883714	275.2060465116279
59	274.0788372093023	274.4359302325581	273.69837209302324	275.19906976744187
60	274.0541860465116	274.44302325581396	273.7041860465116	275.156976744186
61	274.0379069767442	274.4651162790697	273.73674418604645	275.1574418604651
62	274.03186046511627	274.45651162790693	273.73418604651164	275.11558139534884
63	274.0113953488372	274.4205813953488	273.74558139534884	275.1120930232558
64	274.01651162790694	274.43279069767436	273.7732558139534	275.1332558139535
65	274.0081395348837	274.4260465116279	273.7879069767442	275.18651162790695
66	274.0027906976744	274.4398837209302	273.8718604651163	275.2146511627907
67	274.01069767441857	274.4788372093023	273.9523255813953	275.223488372093
68	274.01744186046506	274.4848837209302	273.9939534883721	275.2413953488372
69	273.9674418604651	274.4524418604651	273.9641860465116	275.2888372093023
70	273.9909302325581	274.4482558139535	273.97627906976743	275.293488372093
71	274.03627906976743	274.4666279069767	274.03767441860464	275.293488372093
72	274.0567441860465	274.45290697674415	274.0553488372093	275.283488372093
73	274.03720930232555	274.46127906976744	274.0523255813953	275.326976744186
74	274.0306976744186	274.48790697674417	274.0648837209302	275.37930232558136
75	274.0488372093023	274.5397674418604	274.13790697674415	275.3802325581395
76	274.0639534883721	274.5386046511628	274.17558139534884	275.4458139534883
77	274.03046511627906	274.54081395348834	274.1953488372093	275.42860465116274
78	274.02441860465115	274.5459302325581	274.2448837209302	275.433488372093
79	274.0309302325581	274.55813953488365	274.30046511627904	275.426976744186
80	274.04372093023255	274.58244186046505	274.3516279069767	275.4462790697674
81	274.0506976744186	274.6024418604651	274.42465116279067	275.45976744186044
82	274.0525581395348	274.64755813953485	274.5411627906976	275.5416279069767
83	274.07837209302323	274.6712790697674	274.60255813953484	275.58441860465115
84	274.1188372093023	274.71802325581393	274.6681395348837	275.60418604651164
85	274.16279069767444	274.77127906976744	274.79186046511626	275.6262790697674
86	274.1844186046511	274.78	274.87511627906974	275.72441860465113
87	274.2160465116279	274.813488372093	275.0027906976744	275.72186046511627
88	274.2374418604651	274.87197674418604	275.16372093023256	275.8367441860465
89	274.2555813953488	274.8888372093023	275.2874418604651	275.89116279069765
90	274.27255813953485	274.91453488372093	275.36023255813956	275.91581395348834
91	274.2688372093023	274.961511627907	275.4439534883721	275.90302325581393
92	274.3190697674418	275.02395348837206	275.5667441860465	275.9181395348837
93	274.3616279069767	275.0523255813953	275.6413953488372	275.9353488372093
94	274.4186046511628	275.0841860465116	275.77093023255816	275.9720930232558
95	274.466511627907	275.10674418604646	275.83534883720927	275.973488372093
96	274.49511627906975	275.18558139534883	275.9488372093023	276.03441860465114
97	274.48046511627905	275.24732558139533	276.10186046511626	276.0795348837209
98	274.4811627906976	275.2637209302325	276.2544186046511	276.1681395348837
99	274.516976744186	275.2965116279069	276.4916279069767	276.23790697674417
100	274.5355813953488	275.3370930232558	276.58930232558134	276.2413953488372
101	274.57395348837207	275.3731395348837	276.66046511627906	276.23465116279067
102	274.6423255813953	275.4802325581395	276.84860465116276	276.30697674418604
103	274.6767441860465	275.57151162790694	277.0618604651163	276.43651162790695
104	274.7102325581395	275.5906976744186	277.1567441860465	276.53441860465114
105	274.76720930232557	275.62558139534883	277.31604651162786	276.5979069767442
106	274.8220930232558	275.68186046511624	277.4755813953488	276.6844186046511
107	274.873953488372	275.7632558139535	277.5946511627907	276.7141860465116
108	274.9088372093023	275.8577906976744	277.6988372093023	276.79976744186047
109	274.9576744186046	275.93116279069767	277.85976744186047	276.85720930232554
110	275.04511627906976	275.99290697674417	278.010465116279	276.9427906976744
111	275.0430232558139	276.03127906976744	278.2151162790698	276.993488372093
112	275.0776744186046	276.07837209302323	278.3748837209302	277.0074418604651
113	275.16767441860463	276.16081395348834	278.5444186046512	277.0062790697674
114	275.19162790697675	276.2166279069767	278.6616279069767	277.0648837209302
115	275.21395348837206	276.2603488372093	278.7409302325581	277.10976744186047
116	275.2316279069767	276.3139534883721	278.8967441860465	277.17046511627905
117	275.26488372093024	276.3795348837209	279.0867441860465	277.2483720930232
118	275.2981395348837	276.46255813953485	279.24860465116274	277.3190697674418
119	275.3120930232558	276.48674418604645	279.4458139534883	277.4174418604651
120	275.3374418604651	276.52627906976744	279.65534883720926	277.53837209302327
121	275.3713953488372	276.5960465116279	279.87046511627904	277.6079069767442
122	275.4830232558139	276.70709302325577	280.0613953488372	277.64488372093024
123	275.526976744186	276.80511627906975	280.29418604651164	277.6453488372093
124	275.59186046511627	276.90767441860464	280.5479069767442	277.7567441860465
125	275.68790697674416	276.9843023255814	280.69651162790694	277.9611627906977
126	275.76581395348836	277.0645348837209	280.94697674418603	278.1427906976744
127	275.7737209302325	277.20348837209303	281.21302325581394	278.2795348837209
128	275.79860465116275	277.28674418604646	281.45302325581395	278.4051162790697
129	275.833488372093	277.37999999999994	281.71534883720926	278.49232558139533
130	275.86279069767437	277.44441860465116	281.9725581395349	278.5937209302325
131	275.94651162790694	277.5053488372093	282.1346511627907	278.57511627906973
132	275.9613953488372	277.56604651162786	282.2086046511628	278.6416279069767
133	276.0137209302325	277.62430232558137	282.40441860465114	278.803488372093
134	276.0827906976744	277.74965116279066	282.6809302325581	278.9513953488372
135	276.13186046511623	277.86372093023255	282.9211627906976	279.15534883720926
136	276.1711627906976	277.9902325581395	283.1046511627907	279.3923255813953
137	276.18418604651157	278.07906976744187	283.32395348837207	279.52581395348835
138	276.1820930232558	278.1702325581395	283.4853488372093	279.6976744186046
139	276.24604651162787	278.31465116279065	283.7425581395348	279.8774418604651
140	276.33860465116277	278.4288372093023	283.99	280.09093023255815
141	276.416976744186	278.5810465116279	284.35325581395347	280.32488372093025
142	276.44186046511624	278.7673255813953	284.7760465116279	280.5806976744186
143	276.43511627906975	278.95755813953485	285.0781395348837	280.9006976744186
144	276.47186046511627	279.0823255813953	285.38558139534877	281.29976744186047
145	276.5062790697674	279.17476744186047	285.5925581395349	281.5618604651163
146	276.5658139534883	279.32523255813953	285.8048837209302	281.7195348837209
147	276.6388372093023	279.45023255813953	286.13511627906973	281.90348837209297
148	276.66581395348834	279.618488372093	286.4402325581395	282.1358139534883
149	276.7106976744186	279.89069767441856	286.7344186046512	282.5109302325581
150	276.7718604651163	280.10418604651164	287.04767441860463	282.89744186046505
151	276.81604651162786	280.2905813953488	287.29837209302326	283.1527906976744
152	276.8758139534884	280.40290697674413	287.5072093023256	283.28627906976743
153	276.9125581395349	280.5606976744186	287.6153488372093	283.4358139534884
154	276.99558139534884	280.7311627906976	287.66860465116275	283.6323255813953
155	277.09348837209296	280.9759302325581	287.77767441860465	283.87790697674416
156	277.1337209302326	281.2087209302325	287.9518604651162	284.1958139534883
157	277.19767441860466	281.43790697674416	288.1920930232558	284.44116279069766
158	277.3174418604651	281.69441860465116	288.5053488372093	284.66116279069763
159	277.3953488372093	281.93511627906975	288.8127906976744	284.87465116279066
160	277.43418604651157	282.07837209302323	289.0176744186046	285.1039534883721
161	277.4362790697674	282.2653488372093	289.2893023255814	285.356976744186
162	277.4409302325581	282.4587209302325	289.596511627907	285.62116279069767
163	277.5062790697674	282.6840697674418	289.9239534883721	285.93511627906975
164	277.596511627907	282.89581395348836	290.12046511627904	286.20348837209303
165	277.67790697674417	283.18790697674416	290.3709302325581	286.4513953488372
166	277.68162790697676	283.41825581395346	290.6193023255814	286.63604651162785
167	277.7541860465116	283.6952325581395	290.77720930232556	286.9651162790697
168	277.8620930232558	283.98325581395346	291.02348837209297	287.2911627906976
169	278.0067441860465	284.3277906976744	291.3088372093023	287.6193023255814
170	278.08790697674414	284.59767441860464	291.4895348837209	287.9788372093023
171	278.1567441860465	284.88104651162786	291.75930232558136	288.3660465116279
172	278.2155813953488	285.2009302325581	291.99279069767437	288.6297674418604
173	278.3437209302325	285.5089534883721	292.2120930232558	288.8916279069767
174	278.4281395348837	285.8153488372093	292.4211627906976	289.1348837209302
175	278.5146511627907	286.0931395348837	292.6048837209302	289.4067441860465
176	278.60046511627905	286.3945348837209	292.69697674418603	289.65441860465114
177	278.72999999999996	286.7156976744186	292.8167441860465	289.9493023255814
178	278.92046511627905	286.9652325581395	293.00651162790695	290.19837209302324
179	279.0188372093023	287.1227906976744	293.1513953488372	290.3058139534884
180	279.1323255813953	287.26116279069765	293.3053488372093	290.4439534883721
181	279.25465116279065	287.40441860465114	293.40302325581393	290.54232558139535
182	279.3479069767442	287.585	293.4697674418604	290.67232558139534
183	279.513488372093	287.88290697674415	293.6220930232558	290.88976744186044
184	279.7288372093023	288.24825581395345	293.846511627907	291.16372093023256
185	279.91720930232555	288.6079069767442	294.04232558139535	291.5018604651163
186	280.0876744186046	288.9230232558139	294.283488372093	291.7374418604651
187	280.2902325581395	289.1912790697674	294.52767441860465	291.9458139534883
188	280.40999999999997	289.42418604651164	294.6762790697674	292.1809302325581
189	280.56697674418604	289.67523255813956	294.8455813953488	292.40488372093023
190	280.73860465116275	289.91220930232555	294.91720930232555	292.53860465116276
191	281.01255813953486	290.05686046511624	295.0227906976744	292.62999999999994
192	281.25302325581396	290.2229069767442	295.0837209302325	292.7274418604651
193	281.4388372093023	290.433488372093	295.1739534883721	292.8437209302325
194	281.67465116279067	290.6460465116279	295.29674418604645	292.96627906976744
195	281.94651162790694	290.8441860465116	295.4197674418605	293.15232558139536
196	282.17790697674417	291.0429069767442	295.6158139534884	293.3139534883721
197	282.4448837209302	291.20209302325577	295.7430232558139	293.453488372093
198	282.71162790697673	291.42720930232554	295.8874418604651	293.6453488372093
199	282.90488372093023	291.6340697674419	296.0120930232558	293.77790697674413
200	283.0355813953488	291.798488372093	296.143488372093	293.93930232558137
201	283.2320930232558	291.9101162790697	296.2016279069767	293.9488372093023
202	283.43953488372085	292.03406976744185	296.2388372093023	294.0151162790698
203	283.67	292.151976744186	296.2488372093023	294.15093023255815
204	283.97232558139535	292.26441860465115	296.2902325581395	294.27767441860465
205	284.33930232558134	292.35116279069763	296.35534883720925	294.39720930232556
206	284.6274418604651	292.4363953488372	296.3983720930232	294.4432558139535
207	284.8762790697674	292.56476744186045	296.43046511627904	294.5088372093023
208	285.0795348837209	292.62999999999994	296.42790697674417	294.5983720930233
209	285.27976744186043	292.71081395348835	296.46302325581394	294.60534883720925
210	285.5020930232558	292.82186046511623	296.48418604651164	294.6781395348837
211	285.70488372093024	292.9313953488372	296.53395348837205	294.7430232558139
212	285.9697674418604	293.0456976744186	296.53953488372093	294.8753488372093
213	286.14651162790693	293.1476744186046	296.59232558139536	295.00651162790695
214	286.3304651162791	293.23825581395346	296.6853488372093	295.11465116279066
215	286.57511627906973	293.3405813953488	296.8058139534884	295.1888372093023
216	286.73860465116275	293.39790697674414	296.8816279069767	295.2602325581395
217	286.87651162790695	293.3916279069767	296.8539534883721	295.3337209302325
218	287.07511627906973	293.4079069767442	296.81465116279065	295.3232558139535
219	287.2502325581395	293.44976744186044	296.8072093023256	295.30325581395346
220	287.4532558139535	293.45930232558135	296.776976744186	295.33860465116277
221	287.6048837209302	293.49	296.72953488372093	295.30999999999995
222	287.6927906976744	293.4906976744186	296.6730232558139	295.27488372093023
223	287.7995348837209	293.4541860465116	296.6339534883721	295.18372093023254
224	287.8395348837209	293.4376744186047	296.55325581395346	295.1555813953488
225	287.9613953488372	293.4212790697674	296.5516279069767	295.1639534883721
226	288.0951162790697	293.4381395348837	296.59348837209296	295.17906976744183
227	288.2225581395349	293.4860465116279	296.6111627906976	295.2411627906977
228	288.29372093023255	293.5233720930232	296.65255813953485	295.25511627906974
229	288.2513953488372	293.525	296.63186046511623	295.2483720930232
230	288.15255813953485	293.486976744186	296.58441860465115	295.2037209302325
231	288.1783720930232	293.41046511627906	296.54139534883717	295.09720930232555
232	288.2060465116279	293.3220930232558	296.4113953488372	294.92720930232554
233	288.1693023255814	293.265	296.33976744186043	294.8862790697674
234	288.1423255813953	293.1762790697674	296.2688372093023	294.8113953488372
235	288.2472093023256	293.12616279069766	296.1881395348837	294.71860465116276
236	288.30046511627904	293.0951162790697	296.1274418604651	294.6281395348837
237	288.30279069767437	293.1043023255814	296.0818604651162	294.5906976744186
238	288.36372093023255	293.0891860465116	296.0762790697674	294.60186046511626
239	288.39720930232556	293.07406976744187	296.07441860465116	294.59627906976743
240	288.3139534883721	293.01186046511623	296.0255813953488	294.52255813953485
241	288.2376744186046	292.95988372093024	295.9474418604651	294.40348837209297
242	288.1988372093023	292.8963953488372	295.906511627907	294.3388372093023
243	288.1720930232558	292.8273255813953	295.86651162790696	294.23372093023255
244	288.17431818181814	292.77875	295.795	294.16749999999996
245	288.1290697674418	292.7548837209302	295.75046511627903	294.1890697674418
246	288.1081818181818	292.7132954545454	295.63136363636363	294.0947727272727
247	288.08590909090907	292.65875	295.56477272727267	294.03249999999997
248	288.0322727272727	292.6032954545454	295.5068181818182	293.96022727272725
249	287.98022727272723	292.47113636363633	295.4293181818182	293.8654545454545
250	287.8325	292.3231818181818	295.33181818181816	293.7270454545454
251	287.7295454545454	292.1984090909091	295.17545454545456	293.635
252	287.6081818181818	292.0585227272727	294.96090909090907	293.43249999999995
253	287.49727272727273	291.9588636363636	294.80068181818183	293.2231818181818
254	287.4261363636364	291.8364772727272	294.7427272727272	293.08272727272725
255	287.2956818181818	291.7073863636364	294.62340909090904	292.98022727272723
256	287.17204545454547	291.60977272727274	294.48977272727274	292.85954545454547
257	287.04431818181814	291.48749999999995	294.41681818181814	292.73931818181813
258	286.8965909090909	291.3128409090909	294.3118181818182	292.65999999999997
259	286.7788636363636	291.1580681818182	294.04931818181814	292.43636363636364
260	286.6831818181818	291.0390909090909	293.8888636363636	292.2845454545454
261	286.61136363636365	290.9469318181818	293.7888636363636	292.2220454545454
262	286.48454545454547	290.8415909090909	293.6822727272727	292.1179545454545
263	286.36863636363637	290.73499999999996	293.58522727272725	291.9854545454545
264	286.17545454545456	290.56488636363633	293.4688636363636	291.87295454545455
265	285.9888636363636	290.3644318181818	293.33204545454544	291.6943181818182
266	285.8334090909091	290.1956818181818	293.0825	291.41636363636366
267	285.7065909090909	290.0238636363636	292.92727272727274	291.1959090909091
268	285.5456818181818	289.86999999999995	292.81090909090904	291.06545454545454
269	285.3890909090909	289.6918181818182	292.6775	290.99659090909086
270	285.2577272727272	289.5510227272727	292.4904545454545	290.865
271	285.0554545454545	289.37306818181816	292.2640909090909	290.695
272	284.80045454545456	289.15124999999995	292.0565909090909	290.5340909090909
273	284.6665909090909	288.90772727272724	291.7979545454545	290.2486363636363
274	284.61295454545456	288.6969318181818	291.5559090909091	289.98409090909087
275	284.47886363636366	288.51795454545453	291.4229545454545	289.7427272727272
276	284.26295454545453	288.2994318181818	291.28340909090906	289.55159090909086
277	284.12159090909086	288.08704545454543	291.0947727272727	289.33045454545453
278	283.99840909090904	287.9456818181818	290.8959090909091	289.1409090909091
279	283.8597727272727	287.78090909090906	290.72431818181815	288.95431818181817
280	283.70863636363634	287.6085227272727	290.5825	288.75227272727267
281	283.5404545454545	287.4302272727272	290.4231818181818	288.57954545454544
282	283.335	287.2447727272727	290.22590909090906	288.3865909090909
283	283.2688636363636	287.0979545454545	290.0372727272727	288.1872727272727
284	283.17818181818177	286.94624999999996	289.89204545454544	288.08931818181816
285	283.0213636363636	286.77022727272725	289.72022727272724	287.9270454545454
286	282.8654545454545	286.56488636363633	289.50704545454545	287.74795454545455
287	282.75	286.3660227272727	289.32454545454544	287.5206818181818
288	282.5643181818181	286.19602272727275	289.14204545454544	287.3222727272727
289	282.4170454545454	285.9915909090909	288.90863636363633	287.10999999999996
290	282.26295454545453	285.80238636363634	288.6688636363636	286.86704545454546
291	282.1106818181818	285.64874999999995	288.45613636363635	286.63545454545454
292	281.9843181818182	285.48795454545456	288.2584090909091	286.41522727272724
293	281.9120454545454	285.3126136363636	288.0865909090909	286.26113636363635
294	281.81477272727267	285.1254545454545	287.8736363636363	286.0847727272727
295	281.7084090909091	284.9721590909091	287.70022727272726	285.9270454545454
296	281.61431818181813	284.8326136363636	287.53113636363634	285.80318181818177
297	281.5247727272727	284.6838636363636	287.35999999999996	285.71613636363634
298	281.3872727272727	284.55829545454543	287.1763636363636	285.6163636363636
299	281.3218181818181	284.3981818181818	286.9822727272727	285.46090909090907
300	281.2031818181818	284.23931818181813	286.83113636363635	285.27363636363634
301	281.08772727272725	284.0790909090909	286.69613636363636	285.04659090909087
302	280.96340909090907	283.95363636363635	286.5320454545454	284.9015909090909
303	280.86477272727274	283.83113636363635	286.33613636363634	284.68590909090904
304	280.7486363636363	283.6510227272727	286.1963636363636	284.51772727272726
305	280.63931818181817	283.50715909090906	286.0072727272727	284.3234090909091
306	280.5354545454545	283.38624999999996	285.8159090909091	284.19159090909085
307	280.44272727272727	283.2034090909091	285.645	284.0497727272727
308	280.3740909090909	283.0592045454545	285.4327272727273	283.8479545454545
309	280.25136363636364	282.9196590909091	285.2281818181818	283.68704545454545
310	280.1459090909091	282.76204545454544	285.08772727272725	283.525
311	280.06090909090904	282.6209090909091	284.9490909090909	283.3756818181818
312	279.9734090909091	282.53749999999997	284.8331818181818	283.2595454545454
313	279.8381818181818	282.3876136363636	284.6556818181818	283.1615909090909
314	279.7281818181818	282.21602272727273	284.41181818181815	282.9861363636364
315	279.6581818181818	282.0634090909091	284.2106818181818	282.81522727272727
316	279.53999999999996	281.8645454545454	283.9940909090909	282.6479545454545
317	279.43113636363637	281.7026136363636	283.7820454545454	282.47363636363633
318	279.31068181818176	281.57931818181817	283.6127272727272	282.2956818181818
319	279.24386363636364	281.47613636363633	283.4456818181818	282.17840909090904
320	279.2147727272727	281.35488636363635	283.20113636363635	281.96590909090907
321	279.1079545454545	281.23238636363635	282.9606818181818	281.8247727272727
322	279.01181818181817	281.08920454545455	282.7895454545455	281.69613636363636
323	278.89022727272726	280.9831818181818	282.6456818181818	281.54409090909087
324	278.7804545454545	280.8665909090909	282.4975	281.4327272727273
325	278.67681818181813	280.6996590909091	282.29409090909087	281.2704545454545
326	278.5897727272727	280.5896590909091	282.09999999999997	281.09499999999997
327	278.5611363636363	280.49431818181813	281.9154545454545	280.9952272727273
328	278.5552272727272	280.36022727272723	281.7704545454545	280.9170454545454
329	278.46999999999997	280.20931818181816	281.6322727272727	280.7986363636364
330	278.3781818181818	280.09034090909086	281.4309090909091	280.6959090909091
331	278.2804545454545	279.9694318181818	281.23636363636365	280.61909090909086
332	278.24363636363637	279.8413636363636	281.15772727272724	280.55227272727274
333	278.1820454545454	279.71829545454545	280.9795454545454	280.40022727272725
334	278.0940909090909	279.6631818181818	280.8727272727273	280.24249999999995
335	278.0356818181818	279.59840909090906	280.7838636363636	280.1490909090909
336	277.95113636363635	279.5140909090909	280.5643181818181	280.0263636363636
337	277.90522727272725	279.40090909090907	280.37454545454545	279.88295454545454
338	277.8906818181818	279.29670454545453	280.19795454545454	279.72840909090905
339	277.82045454545454	279.2056818181818	280.03363636363633	279.6736363636364
340	277.7477272727273	279.08011363636365	279.8615909090909	279.59590909090906
341	277.71590909090907	278.9665909090909	279.7434090909091	279.4525
342	277.6472727272727	278.8685227272727	279.6306818181818	279.3131818181818
343	277.55954545454546	278.7821590909091	279.455	279.2486363636363
344	277.46454545454543	278.6523863636363	279.27431818181816	279.16499999999996
345	277.39522727272725	278.5675	279.10340909090905	279.1093181818182
346	277.36477272727274	278.5017045454545	278.9836363636363	279.02363636363634
347	277.28999999999996	278.41681818181814	278.8111363636363	278.9547727272727
348	277.2597727272727	278.3101136363636	278.67159090909087	278.8784090909091
349	277.2063636363636	278.1985227272727	278.5172727272727	278.8054545454545
350	277.13045454545454	278.0631818181818	278.3504545454545	278.7034090909091
351	277.0247727272727	277.9253409090909	278.2181818181818	278.64681818181816
352	276.93863636363636	277.8145454545454	278.0247727272727	278.5697727272727
353	276.8872727272727	277.81374999999997	277.87909090909085	278.52931818181816
354	276.83181818181816	277.7877272727273	277.7779545454545	278.4997727272727
355	276.75522727272727	277.7031818181818	277.6984090909091	278.44113636363636
356	276.69613636363636	277.57715909090905	277.5138636363636	278.3915909090909
357	276.6597727272727	277.4707954545454	277.3781818181818	278.2915909090909
358	276.5856818181818	277.39181818181817	277.2418181818182	278.17840909090904
359	276.56	277.3375	277.08613636363634	278.1111363636364
360	276.50590909090903	277.2410227272727	276.9679545454546	278.0538636363636
361	276.47681818181815	277.1917045454545	276.82954545454544	277.9606818181818
362	276.39931818181816	277.08693181818177	276.65999999999997	277.86818181818177
363	276.3488636363636	276.9869318181818	276.56522727272727	277.79159090909087
364	276.2904545454545	276.8775	276.4513636363636	277.67659090909086
365	276.18545454545455	276.7996590909091	276.40090909090907	277.60568181818184
366	276.03999999999996	276.6713636363636	276.22272727272724	277.5109090909091
